fecha,dow_es,N1,N2,N3,N4,N5,N6,C,R,Joker
2025-11-29,Sab,20,31,35,36,37,46,25,8,3068183
2025-11-27,Jue,1,13,26,31,32,35,10,3,9699078
2025-11-24,Lun,12,19,22,26,29,38,33,3,1680419
2025-11-22,Sab,9,12,15,22,34,48,13,5,2359824
2025-11-20,Jue,2,3,7,31,41,49,22,0,4767802
2025-11-17,Lun,2,8,12,13,45,46,4,2,8695158
2025-11-15,Sab,23,31,32,39,41,48,49,2,1857225
2025-11-13,Jue,2,6,7,25,41,49,48,7,3982194
2025-11-10,Lun,6,8,17,18,25,28,11,8,3084788
2025-11-08,Sab,2,17,22,25,32,40,44,8,8634049
2025-11-06,Jue,11,16,18,37,45,46,22,9,4663530
2025-11-03,Lun,14,19,29,37,40,41,48,9,3179563
2025-11-01,Sab,4,10,16,17,36,47,7,2,9136197
2025-10-30,Jue,8,9,19,34,39,42,13,2,7794358
2025-10-27,Lun,13,23,24,38,42,45,25,6,6151961
2025-10-25,Sab,5,13,14,36,44,46,12,1,8595216
2025-10-23,Jue,7,15,17,34,47,49,40,5,6871514
2025-10-20,Lun,2,8,14,24,28,39,43,3,9001952
2025-10-18,Sab,6,15,20,21,28,49,8,0,898984
2025-10-16,Jue,2,4,7,13,19,34,17,6,269670
2025-10-13,Lun,1,4,20,25,31,36,26,9,9500627
2025-10-11,Sab,8,10,29,38,45,47,43,6,8045478
2025-10-09,Jue,9,11,16,27,29,45,38,1,5105229
2025-10-06,Lun,10,12,14,19,30,44,8,4,9770207
2025-10-04,Sab,10,12,25,39,41,46,44,2,4688212
2025-10-02,Jue,5,18,26,29,34,39,8,9,8617497
2025-09-29,Lun,1,8,14,25,34,49,16,0,5306549
2025-09-27,Sab,18,27,33,41,44,46,6,7,7255931
2025-09-25,Jue,6,14,28,29,33,38,25,1,9227621
2025-09-22,Lun,18,21,24,26,46,48,36,4,4763054
2025-09-20,Sab,20,32,34,35,38,39,43,0,3375423
2025-09-18,Jue,4,7,15,17,19,38,22,8,293271
2025-09-15,Lun,1,5,8,10,16,28,4,8,5002322
2025-09-13,Sab,9,14,18,19,23,30,15,1,7486966
2025-09-11,Jue,19,23,32,35,36,45,43,9,105556
2025-09-08,Lun,2,7,9,26,36,46,18,3,616166
2025-09-06,Sab,9,12,19,22,29,40,44,4,5454720
2025-09-04,Jue,8,9,17,28,41,46,44,8,9652423
2025-09-01,Lun,8,9,15,29,39,46,24,2,3073965
2025-08-30,Sab,6,28,36,40,41,48,39,8,7525611
2025-08-28,Jue,2,11,12,19,38,45,21,5,2841336
2025-08-25,Lun,6,7,16,26,39,49,17,9,7780963
2025-08-23,Sab,14,25,31,40,43,49,33,4,1047079
2025-08-21,Jue,6,22,34,38,43,46,36,2,7632734
2025-08-18,Lun,5,6,8,23,46,47,18,2,5235911
2025-08-16,Sab,11,14,22,45,46,48,30,6,6587152
2025-08-14,Jue,7,11,12,16,36,43,26,2,8891458
2025-08-11,Lun,11,20,32,40,44,46,15,8,4253111
2025-08-09,Sab,10,19,20,25,27,33,9,9,6647532
2025-08-07,Jue,3,13,19,21,24,26,33,7,4717666
2025-08-04,Lun,4,18,32,34,43,46,39,0,6078690
2025-08-02,Sab,8,36,40,42,43,48,41,9,5508133
2025-07-31,Jue,8,14,18,24,33,38,36,7,2554617
2025-07-28,Lun,4,15,24,37,38,40,19,5,5721753
2025-07-26,Sab,10,16,22,29,44,47,21,4,8897735
2025-07-24,Jue,18,19,24,28,32,44,23,8,3710529
2025-07-21,Lun,1,6,16,23,30,40,36,0,6828265
2025-07-19,Sab,15,16,20,39,40,47,19,4,2382838
2025-07-17,Jue,12,16,30,32,41,47,46,3,4603257
2025-07-14,Lun,4,6,17,20,45,46,26,1,7709609
2025-07-12,Sab,9,23,28,38,44,47,34,0,5489458
2025-07-10,Jue,9,10,13,17,44,47,38,2,1540822
2025-07-07,Lun,4,9,34,36,37,43,14,4,8431035
2025-07-05,Sab,5,14,19,20,27,37,43,3,2715417
2025-07-03,Jue,3,23,24,25,43,45,29,0,8279692
2025-06-30,Lun,3,19,21,31,42,49,22,4,5626357
2025-06-28,Sab,5,6,9,30,32,36,45,2,1949240
2025-06-26,Jue,15,20,26,38,39,41,32,4,2440306
2025-06-23,Lun,22,25,29,35,39,41,38,5,5391249
2025-06-21,Sab,12,25,43,44,45,49,27,4,8299629
2025-06-19,Jue,7,13,21,38,41,46,34,9,6156421
2025-06-16,Lun,12,16,23,25,33,39,35,0,3156395
2025-06-14,Sab,4,6,8,18,28,42,10,1,4317683
2025-06-12,Jue,10,30,36,38,43,46,17,0,6745050
2025-06-09,Lun,4,6,13,15,31,35,16,1,7713833
2025-06-07,Sab,5,14,19,33,45,46,7,3,4612552
2025-06-05,Jue,17,18,24,34,37,39,14,8,943455
2025-06-02,Lun,7,20,23,38,40,45,30,3,6848384
2025-05-31,Sab,5,6,14,24,35,45,49,9,3589728
2025-05-29,Jue,1,3,10,23,35,38,17,7,9545142
2025-05-26,Lun,4,13,28,33,41,43,9,2,3576660
2025-05-24,Sab,5,14,19,35,41,46,31,0,3976126
2025-05-22,Jue,1,15,16,18,23,41,2,1,3456703
2025-05-19,Lun,28,29,32,43,46,47,30,9,8834876
2025-05-17,Sab,1,16,23,24,29,44,28,2,4281082
2025-05-15,Jue,4,16,28,35,39,42,30,5,4379407
2025-05-12,Lun,5,10,33,35,44,48,7,5,6778371
2025-05-10,Sab,1,8,13,23,31,39,15,8,5454406
2025-05-08,Jue,18,27,30,31,32,40,2,8,1526454
2025-05-05,Lun,22,29,30,35,39,45,14,9,4298054
2025-05-03,Sab,1,4,16,25,33,37,15,4,2263095
2025-05-01,Jue,18,19,30,39,45,49,23,9,6856016
2025-04-28,Lun,2,13,17,39,43,46,21,1,2096324
2025-04-26,Sab,11,16,17,26,44,46,22,9,7665053
2025-04-24,Jue,10,20,23,30,37,39,41,9,6356950
2025-04-21,Lun,9,17,24,25,35,38,12,3,8272916
2025-04-19,Sab,2,4,17,30,34,46,8,2,9944721
2025-04-17,Jue,2,4,6,32,33,39,27,3,290989
2025-04-14,Lun,1,22,23,32,34,35,27,8,1397819
2025-04-12,Sab,5,15,18,24,42,45,11,7,4054286
2025-04-10,Jue,4,14,15,39,45,46,42,9,149336
2025-04-07,Lun,3,4,7,8,22,33,1,8,5864093
2025-04-05,Sab,1,7,17,19,21,37,26,2,1726801
2025-04-03,Jue,4,8,9,14,23,45,12,4,4635003
2025-03-31,Lun,6,12,21,26,27,34,44,9,1944955
2025-03-29,Sab,2,12,18,19,24,30,32,9,8373968
2025-03-27,Jue,8,10,24,31,44,45,17,0,313977
2025-03-24,Lun,2,3,11,24,46,49,23,5,818151
2025-03-22,Sab,3,13,36,38,41,44,49,8,9826865
2025-03-20,Jue,3,7,20,26,38,48,35,8,6946232
2025-03-17,Lun,5,9,11,28,30,31,29,1,3286480
2025-03-15,Sab,6,22,28,40,44,49,12,3,6156966
2025-03-13,Jue,11,18,28,33,43,47,13,1,302687
2025-03-10,Lun,4,7,15,37,48,49,5,1,4113301
2025-03-08,Sab,6,17,24,31,37,47,29,1,3867488
2025-03-06,Jue,3,15,16,27,31,35,11,6,1675993
2025-03-03,Lun,8,24,38,39,46,48,14,1,6577002
2025-03-01,Sab,6,8,18,27,30,40,42,5,5637950
2025-02-27,Jue,1,14,18,35,45,49,9,2,2192458
2025-02-24,Lun,17,21,25,31,42,43,45,2,2682210
2025-02-22,Sab,13,20,30,37,40,41,45,3,9659917
2025-02-20,Jue,10,19,23,36,39,45,20,1,7661200
2025-02-17,Lun,13,21,27,29,35,46,41,9,985774
2025-02-15,Sab,2,12,21,29,37,44,23,0,9789268
2025-02-13,Jue,7,20,22,28,42,48,32,3,9112272
2025-02-10,Lun,6,8,21,34,37,41,3,0,8167936
2025-02-08,Sab,7,12,18,24,25,26,29,0,7420050
2025-02-06,Jue,11,14,15,16,23,25,47,9,8611687
2025-02-03,Lun,13,14,18,20,40,42,5,1,4206823
2025-02-01,Sab,9,11,28,34,39,40,1,5,4962024
2025-01-30,Jue,6,7,19,21,29,33,25,0,1954621
2025-01-27,Lun,24,27,28,30,33,47,11,0,4643428
2025-01-25,Sab,2,12,15,22,31,47,40,2,4105166
2025-01-23,Jue,2,12,15,19,26,41,42,4,8719998
2025-01-20,Lun,6,15,21,26,30,44,23,2,8350046
2025-01-18,Sab,12,13,21,28,41,42,29,0,3605852
2025-01-16,Jue,5,11,15,37,41,48,46,1,5055529
2025-01-13,Lun,2,10,17,24,39,42,19,2,7636758
2025-01-11,Sab,10,12,16,29,45,49,4,8,8808487
2025-01-09,Jue,3,5,15,20,26,28,23,6,2849753
2025-01-06,Lun,6,24,27,31,33,34,30,7,2379253
2025-01-04,Sab,6,16,20,30,32,37,15,0,187385
2025-01-02,Jue,6,8,10,14,31,47,17,2,55036
2024-12-30,Lun,15,25,29,35,38,48,22,9,4734686
2024-12-28,Sab,13,20,26,35,36,46,12,0,2523400
2024-12-26,Jue,5,12,24,27,38,46,26,7,1734291
2024-12-23,Lun,1,4,10,12,25,49,42,3,7530359
2024-12-21,Sab,4,7,21,23,31,46,37,6,7727767
2024-12-19,Jue,1,23,36,38,40,41,13,1,1490042
2024-12-16,Lun,7,11,26,27,30,43,32,6,6789137
2024-12-14,Sab,13,31,32,33,35,43,3,3,8885018
2024-12-12,Jue,6,12,13,14,15,40,10,9,3426470
2024-12-09,Lun,1,3,9,27,28,43,22,2,2787148
2024-12-07,Sab,8,9,27,31,32,43,29,7,2373684
2024-12-05,Jue,2,7,10,31,42,44,20,0,7097537
2024-12-02,Lun,3,16,36,40,43,46,1,8,9462175
2024-11-30,Sab,12,22,32,35,44,49,39,7,5190004
2024-11-28,Jue,4,5,6,39,41,46,7,7,9865366
2024-11-25,Lun,21,25,31,32,44,48,3,7,1767564
2024-11-23,Sab,21,31,38,39,41,49,30,9,9341110
2024-11-21,Jue,7,8,21,29,37,38,45,8,5723758
2024-11-18,Lun,1,3,6,10,14,30,35,2,1210933
2024-11-16,Sab,1,7,20,29,39,40,17,1,8275859
2024-11-14,Jue,7,14,15,23,24,39,46,9,7740454
2024-11-11,Lun,6,14,22,35,36,37,23,1,1556177
2024-11-09,Sab,2,4,6,14,15,42,11,0,92964
2024-11-07,Jue,18,32,40,45,46,49,28,9,6663547
2024-11-04,Lun,7,18,37,41,45,48,12,2,6801589
2024-11-02,Sab,6,14,23,32,35,49,22,1,4686226
2024-10-31,Jue,12,14,26,32,39,41,13,7,740802
2024-10-28,Lun,8,12,14,29,31,33,13,3,268062
2024-10-26,Sab,8,25,28,33,35,41,18,5,785927
2024-10-24,Jue,9,19,21,28,41,43,15,3,4351977
2024-10-21,Lun,6,21,29,35,39,48,40,6,5553299
2024-10-19,Sab,7,14,15,17,36,49,30,4,7191393
2024-10-17,Jue,7,17,23,26,37,47,6,2,8050392
2024-10-14,Lun,2,5,6,21,47,49,33,3,4471000
2024-10-12,Sab,2,7,10,18,40,49,44,4,5105705
2024-10-10,Jue,1,5,35,39,40,44,15,3,5024511
2024-10-07,Lun,8,22,23,26,34,36,5,4,234617
2024-10-05,Sab,7,11,21,28,35,41,31,0,4064088
2024-10-03,Jue,7,10,14,15,24,48,39,1,6825437
2024-09-30,Lun,4,8,17,25,30,36,11,9,7412914
2024-09-28,Sab,7,16,28,30,34,41,17,2,1028580
2024-09-26,Jue,5,13,15,17,19,47,2,0,8319889
2024-09-23,Lun,1,2,9,10,22,32,48,5,9934413
2024-09-21,Sab,5,12,13,38,39,47,41,6,4208957
2024-09-19,Jue,4,12,23,38,44,46,34,6,8515762
2024-09-16,Lun,1,9,11,34,35,44,13,9,1229547
2024-09-14,Sab,9,11,19,23,44,46,24,8,1595178
2024-09-12,Jue,8,10,22,36,44,45,28,6,2445600
2024-09-09,Lun,27,31,33,34,40,46,47,5,6024829
2024-09-07,Sab,1,10,12,23,33,41,40,6,445498
2024-09-05,Jue,5,9,12,16,22,39,4,8,3724184
2024-09-02,Lun,15,16,34,35,38,39,26,0,9970144
2024-08-31,Sab,5,6,7,13,26,36,27,8,131244
2024-08-29,Jue,1,9,13,18,26,48,23,6,1686669
2024-08-26,Lun,7,12,26,30,34,42,44,3,9742117
2024-08-24,Sab,1,8,15,17,27,46,26,8,982581
2024-08-22,Jue,8,31,33,40,41,42,48,5,2686917
2024-08-19,Lun,5,7,16,35,37,41,4,9,5310148
2024-08-17,Sab,4,13,14,16,17,44,7,1,8829813
2024-08-15,Jue,13,16,22,32,39,45,12,8,5485772
2024-08-12,Lun,3,12,17,38,39,40,36,7,1636903
2024-08-10,Sab,3,26,38,43,46,49,19,2,422225
2024-08-08,Jue,10,20,21,31,38,46,8,2,3275056
2024-08-05,Lun,11,18,36,41,44,49,35,4,91862
2024-08-03,Sab,10,18,25,27,35,42,34,1,3508943
2024-08-01,Jue,2,10,11,15,34,48,21,8,8137404
2024-07-29,Lun,12,20,22,27,36,42,19,0,2645028
2024-07-27,Sab,1,5,13,32,42,44,2,4,7539401
2024-07-25,Jue,7,10,23,28,29,32,47,4,1300985
2024-07-22,Lun,2,4,11,18,38,48,3,7,7886682
2024-07-20,Sab,14,29,37,39,44,45,1,4,9623208
2024-07-18,Jue,2,7,12,14,25,35,44,8,624005
2024-07-15,Lun,11,19,21,30,31,34,16,3,7596200
2024-07-13,Sab,5,6,7,13,23,48,8,0,1701447
2024-07-11,Jue,16,17,25,26,30,46,48,9,2662368
2024-07-08,Lun,4,5,12,21,39,48,42,1,9878802
2024-07-06,Sab,5,6,19,30,35,40,9,3,7847371
2024-07-04,Jue,1,10,22,38,45,48,29,1,7991987
2024-07-01,Lun,1,2,5,28,42,49,37,7,5550469
2024-06-29,Sab,2,5,8,13,29,48,38,2,8621213
2024-06-27,Jue,10,25,32,39,48,49,26,9,6516865
2024-06-24,Lun,6,12,22,34,36,44,42,1,3772407
2024-06-22,Sab,6,9,10,14,16,28,42,7,1955678
2024-06-20,Jue,2,27,31,39,47,48,20,9,4008164
2024-06-17,Lun,2,8,12,16,22,43,35,8,2517875
2024-06-15,Sab,18,31,37,39,45,47,44,0,9951133
2024-06-13,Jue,2,5,9,10,19,33,27,0,7720007
2024-06-10,Lun,2,5,12,19,28,43,30,2,8327510
2024-06-08,Sab,3,4,10,29,31,48,15,8,3398895
2024-06-06,Jue,5,14,15,42,44,49,16,5,9812713
2024-06-03,Lun,14,18,35,37,47,49,28,8,3599032
2024-06-01,Sab,8,12,19,20,24,35,49,0,4822239
2024-05-30,Jue,5,11,19,23,29,41,12,0,7314534
2024-05-27,Lun,9,14,31,41,42,43,23,6,9082884
2024-05-25,Sab,1,3,15,16,20,21,33,9,2072674
2024-05-23,Jue,1,9,11,36,38,45,10,7,9838672
2024-05-20,Lun,3,10,14,16,28,35,34,3,8165350
2024-05-18,Sab,6,20,26,32,38,40,11,1,9922257
2024-05-16,Jue,13,20,29,31,36,39,12,8,5048285
2024-05-13,Lun,10,15,19,20,27,49,23,2,1847432
2024-05-11,Sab,5,31,36,38,40,42,15,8,5789267
2024-05-09,Jue,11,16,22,31,37,42,44,8,4520864
2024-05-06,Lun,16,18,27,29,35,37,2,5,7974065
2024-05-04,Sab,4,5,8,14,17,18,21,6,9077252
2024-05-02,Jue,17,22,26,29,44,48,42,3,3485733
2024-04-29,Lun,1,11,24,35,42,43,10,3,8579100
2024-04-27,Sab,2,3,24,33,48,49,8,0,7868478
2024-04-25,Jue,1,21,22,29,41,44,37,1,1183404
2024-04-22,Lun,4,14,22,29,35,42,40,1,8201236
2024-04-20,Sab,10,12,28,40,43,44,20,2,4487737
2024-04-18,Jue,4,13,15,29,34,36,48,5,3338811
2024-04-15,Lun,18,21,23,24,30,32,6,7,9305595
2024-04-13,Sab,2,3,10,19,26,35,9,4,5932207
2024-04-11,Jue,4,9,18,38,41,47,21,3,9380053
2024-04-08,Lun,15,16,19,23,39,43,41,1,1737241
2024-04-06,Sab,7,10,28,31,34,44,11,1,6718310
2024-04-04,Jue,3,9,23,31,34,37,28,5,2513126
2024-04-01,Lun,5,7,14,21,34,44,20,6,4959832
2024-03-30,Sab,14,26,29,37,38,48,42,8,578530
2024-03-28,Jue,6,7,16,26,36,49,27,1,1365141
2024-03-25,Lun,1,25,28,38,41,44,7,7,7815458
2024-03-23,Sab,5,23,27,30,32,46,7,7,2816722
2024-03-21,Jue,4,17,31,39,48,49,32,8,5946128
2024-03-18,Lun,1,16,24,29,40,41,34,9,2910297
2024-03-16,Sab,6,14,16,19,39,43,34,2,3511066
2024-03-14,Jue,1,7,10,18,41,43,13,2,3753774
2024-03-11,Lun,6,16,21,30,33,43,47,6,5096877
2024-03-09,Sab,2,9,12,15,17,33,43,5,1607362
2024-03-07,Jue,1,3,6,11,22,47,32,8,7863788
2024-03-04,Lun,4,8,30,43,47,48,23,3,792787
2024-03-02,Sab,2,10,22,23,33,42,43,3,7456449
2024-02-29,Jue,4,18,21,25,35,45,29,9,4003950
2024-02-26,Lun,1,24,29,30,44,47,17,7,6546904
2024-02-24,Sab,1,14,20,30,47,49,5,6,5658816
2024-02-22,Jue,4,6,10,17,26,37,18,8,2050693
2024-02-19,Lun,3,13,18,31,33,35,4,7,5154625
2024-02-17,Sab,2,12,16,20,32,33,48,8,8606222
2024-02-15,Jue,10,13,23,33,36,45,28,2,9724923
2024-02-12,Lun,5,18,20,29,31,37,9,6,2189770
2024-02-10,Sab,6,7,16,19,27,32,17,9,8192851
2024-02-08,Jue,1,3,6,15,26,44,34,3,5493655
2024-02-05,Lun,3,5,15,34,39,42,30,6,4926735
2024-02-03,Sab,1,7,8,14,35,45,40,8,2033585
2024-02-01,Jue,8,14,23,33,35,42,19,8,1969819
2024-01-29,Lun,10,11,21,25,32,42,44,5,4130527
2024-01-27,Sab,10,19,34,36,45,46,16,5,9679900
2024-01-25,Jue,14,18,23,26,32,41,22,0,6660566
2024-01-22,Lun,12,21,26,28,43,44,32,8,1569188
2024-01-20,Sab,5,8,10,26,42,43,47,7,8733628
2024-01-18,Jue,12,17,19,20,43,44,32,0,2621282
2024-01-15,Lun,1,2,7,9,21,42,37,1,3288398
2024-01-13,Sab,1,11,14,22,37,38,20,4,4704809
2024-01-11,Jue,7,12,15,22,35,48,10,4,5742270
2024-01-08,Lun,13,14,27,37,39,48,1,9,6543359
2024-01-06,Sab,7,11,13,16,30,35,46,4,3281920
2024-01-04,Jue,3,7,8,17,18,35,48,1,7329625
2024-01-01,Lun,19,23,33,41,45,49,24,9,5726836
2023-12-30,Sab,14,31,34,36,38,48,35,5,2940072
2023-12-28,Jue,3,11,23,45,47,48,19,1,6750664
2023-12-25,Lun,12,13,22,31,33,44,1,7,9309505
2023-12-23,Sab,1,6,9,21,29,32,19,6,2903980
2023-12-21,Jue,11,15,29,43,46,48,25,3,7977776
2023-12-18,Lun,1,9,32,40,45,46,5,2,402858
2023-12-16,Sab,12,14,18,19,36,40,25,9,8144729
2023-12-14,Jue,2,27,28,34,45,47,9,6,3415111
2023-12-11,Lun,5,11,17,25,34,39,38,2,2487624
2023-12-09,Sab,5,8,20,21,23,24,18,7,8786186
2023-12-07,Jue,1,3,21,22,27,29,14,3,5164996
2023-12-04,Lun,7,11,18,24,44,49,16,1,9020505
2023-12-02,Sab,12,17,20,33,35,49,22,0,5337657
2023-11-30,Jue,6,7,37,41,43,46,11,9,1811105
2023-11-27,Lun,1,15,24,30,38,49,37,4,5213901
2023-11-25,Sab,1,5,12,14,40,41,20,2,3124031
2023-11-23,Jue,9,14,19,20,27,38,28,8,2585078
2023-11-20,Lun,11,17,32,34,37,43,48,7,1051873
2023-11-18,Sab,7,8,14,18,36,43,33,9,9546992
2023-11-16,Jue,5,10,23,26,33,40,8,3,8047502
2023-11-13,Lun,5,12,15,36,41,43,33,3,783781
2023-11-11,Sab,3,7,15,32,43,49,41,4,9019945
2023-11-09,Jue,27,31,32,38,39,45,30,0,3752520
2023-11-06,Lun,4,23,26,31,35,47,21,3,1377632
2023-11-04,Sab,7,13,14,27,40,49,32,8,1946304
2023-11-02,Jue,2,14,28,33,36,47,41,8,6247750
2023-10-30,Lun,7,18,21,40,45,49,41,2,9617220
2023-10-28,Sab,5,9,20,35,43,45,17,2,39563
2023-10-26,Jue,12,13,21,32,38,46,5,4,8157186
2023-10-23,Lun,6,15,17,32,33,49,13,8,9244617
2023-10-21,Sab,6,20,22,35,47,48,49,0,5963086
2023-10-19,Jue,1,5,8,15,28,33,46,8,151667
2023-10-16,Lun,4,5,8,10,27,36,14,6,7858140
2023-10-14,Sab,4,6,19,20,40,48,18,6,5530498
2023-10-12,Jue,1,3,22,24,31,44,39,3,37072
2023-10-09,Lun,5,7,11,28,36,39,44,8,864538
2023-10-07,Sab,9,17,24,30,38,45,39,4,5335989
2023-10-05,Jue,4,6,14,35,40,45,11,2,5828177
2023-10-02,Lun,2,3,7,21,34,39,35,4,6579999
2023-09-30,Sab,5,6,11,12,14,41,20,2,6102258
2023-09-28,Jue,1,14,23,32,39,47,4,7,7066931
2023-09-25,Lun,5,10,16,30,33,38,32,3,7407555
2023-09-23,Sab,20,21,26,37,42,49,7,7,8882389
2023-09-21,Jue,9,16,17,22,39,42,8,8,8862930
2023-09-18,Lun,2,7,10,20,31,40,42,7,3397836
2023-09-16,Sab,5,10,12,13,32,33,26,7,1188892
2023-09-14,Jue,16,24,33,36,44,46,21,3,8831810
2023-09-11,Lun,3,5,25,39,43,44,16,8,508969
2023-09-09,Sab,8,11,13,20,27,42,25,8,6756009
2023-09-07,Jue,1,15,24,27,30,40,46,9,8744721
2023-09-04,Lun,19,23,28,37,41,46,24,8,5835072
2023-09-02,Sab,19,25,30,39,42,44,18,7,3895540
2023-08-31,Jue,12,17,28,32,41,45,23,4,7983273
2023-08-28,Lun,3,22,42,43,46,48,38,4,387398
2023-08-26,Sab,7,10,21,28,30,33,5,7,1154614
2023-08-24,Jue,13,18,38,39,42,46,26,7,3524563
2023-08-21,Lun,11,15,17,20,37,46,6,3,969444
2023-08-19,Sab,2,3,12,26,31,42,43,9,3096266
2023-08-17,Jue,2,8,11,12,16,18,6,0,4963879
2023-08-14,Lun,11,20,33,38,44,48,15,3,1138975
2023-08-12,Sab,12,13,15,28,40,42,47,0,8649314
2023-08-10,Jue,10,17,20,25,28,42,6,8,8882765
2023-08-07,Lun,16,25,26,31,45,47,48,1,8983203
2023-08-05,Sab,4,5,8,11,20,40,31,5,9066841
2023-08-03,Jue,3,8,12,13,29,31,25,6,8153975
2023-07-31,Lun,1,10,17,25,26,41,22,5,1530903
2023-07-29,Sab,16,23,26,33,40,41,2,5,4391383
2023-07-27,Jue,4,10,20,24,42,48,11,1,1262605
2023-07-24,Lun,5,13,15,23,29,35,14,2,489771
2023-07-22,Sab,2,6,11,19,22,33,31,6,1751217
2023-07-20,Jue,11,15,27,30,40,47,9,5,9150013
2023-07-17,Lun,2,14,32,33,35,46,20,3,9789716
2023-07-15,Sab,5,11,16,35,37,43,13,5,4184805
2023-07-13,Jue,1,7,17,33,38,40,41,6,9048037
2023-07-10,Lun,11,16,26,30,43,44,10,6,1655955
2023-07-08,Sab,1,16,20,21,23,26,7,2,3824206
2023-07-06,Jue,17,19,33,34,37,43,45,7,3588849
2023-07-03,Lun,8,16,20,39,45,46,12,5,568991
2023-07-01,Sab,11,13,27,33,40,48,18,3,8420046
2023-06-29,Jue,5,32,35,41,42,45,26,7,219571
2023-06-26,Lun,3,5,18,32,34,36,4,2,6306853
2023-06-24,Sab,3,7,10,28,39,48,49,2,4003524
2023-06-22,Jue,1,8,9,24,29,32,12,1,9550450
2023-06-19,Lun,1,12,20,28,29,35,18,5,4837440
2023-06-17,Sab,12,28,37,38,40,49,5,9,5328765
2023-06-15,Jue,7,16,20,43,48,49,17,2,3052797
2023-06-12,Lun,15,17,32,33,44,45,34,7,7713958
2023-06-10,Sab,1,10,14,18,38,44,29,5,346528
2023-06-08,Jue,1,9,15,17,39,42,11,8,1501202
2023-06-05,Lun,9,18,20,23,38,49,21,2,1027445
2023-06-03,Sab,19,27,28,30,31,36,6,0,9196102
2023-06-01,Jue,10,20,21,30,38,41,8,1,5975511
2023-05-29,Lun,1,10,13,26,33,43,22,5,8196804
2023-05-27,Sab,2,17,18,24,25,46,4,4,5421783
2023-05-25,Jue,5,9,10,11,16,48,27,9,5595363
2023-05-22,Lun,1,5,14,23,30,41,16,9,958654
2023-05-20,Sab,15,25,28,33,38,47,41,9,7477981
2023-05-18,Jue,3,8,9,18,46,49,43,8,1781012
2023-05-15,Lun,3,6,16,25,34,42,23,4,3896591
2023-05-13,Sab,1,24,33,37,47,48,35,4,1292875
2023-05-11,Jue,14,24,34,38,42,45,44,2,2391174
2023-05-08,Lun,3,13,17,24,28,45,25,5,669655
2023-05-06,Sab,4,16,17,28,37,44,23,9,4989788
2023-05-04,Jue,1,2,14,20,21,41,5,8,3816222
2023-05-01,Lun,6,31,34,39,40,41,11,7,1073729
2023-04-29,Sab,13,14,27,31,46,48,25,5,4143385
2023-04-27,Jue,4,7,8,46,47,48,3,5,6558547
2023-04-24,Lun,1,10,11,15,30,42,3,9,7592226
2023-04-22,Sab,1,4,7,8,43,44,14,3,6702854
2023-04-20,Jue,8,13,17,26,29,48,20,2,2152086
2023-04-17,Lun,1,7,11,21,26,43,23,6,1716021
2023-04-15,Sab,3,9,19,20,22,46,40,5,4002639
2023-04-13,Jue,9,23,24,26,36,42,34,3,9385339
2023-04-10,Lun,1,13,25,34,37,41,15,1,1321240
2023-04-08,Sab,19,23,30,37,42,47,9,7,3977374
2023-04-06,Jue,9,11,15,22,39,43,34,9,3580032
2023-04-03,Lun,5,12,15,24,28,29,48,1,2334410
2023-04-01,Sab,9,13,18,27,39,40,26,3,2025475
2023-03-30,Jue,3,9,12,14,26,45,17,1,2368929
2023-03-27,Lun,2,6,20,31,44,49,23,3,3660467
2023-03-25,Sab,5,9,21,36,41,46,26,5,683239
2023-03-23,Jue,1,12,22,25,36,49,45,9,3860444
2023-03-20,Lun,21,24,27,37,41,42,23,6,5062543
2023-03-18,Sab,2,21,23,28,34,45,13,9,8806605
2023-03-16,Jue,14,23,28,40,42,45,35,5,6688347
2023-03-13,Lun,11,15,31,33,36,37,23,9,1904188
2023-03-11,Sab,3,16,19,23,37,44,32,0,7783281
2023-03-09,Jue,3,18,31,35,41,49,45,0,8657356
2023-03-06,Lun,1,6,16,18,21,43,34,8,1593820
2023-03-04,Sab,6,8,17,24,28,48,13,0,3413932
2023-03-02,Jue,16,17,23,37,44,48,26,6,4303299
2023-02-27,Lun,2,10,19,28,37,38,9,8,4713688
2023-02-25,Sab,13,19,20,22,24,45,27,7,8895180
2023-02-23,Jue,1,7,11,15,26,37,5,9,3283548
2023-02-20,Lun,3,13,22,29,38,42,36,3,8487673
2023-02-18,Sab,9,21,30,34,41,43,17,8,9861267
2023-02-16,Jue,2,24,25,32,33,40,34,5,4836847
2023-02-13,Lun,5,8,11,19,36,49,31,7,3658290
2023-02-11,Sab,8,15,26,29,33,37,47,9,2953875
2023-02-09,Jue,6,16,24,28,32,46,17,9,5587521
2023-02-06,Lun,5,18,20,25,26,29,21,4,409548
2023-02-04,Sab,6,12,29,33,34,36,24,5,3578333
2023-02-02,Jue,2,8,10,18,20,33,41,8,1050185
2023-01-30,Lun,2,4,14,21,32,34,6,0,9998714
2023-01-28,Sab,1,3,8,11,29,37,47,6,7842042
2023-01-26,Jue,13,19,31,35,39,45,37,6,4305626
2023-01-23,Lun,8,9,17,20,33,37,26,2,8283395
2023-01-21,Sab,7,10,35,37,47,49,14,5,1181963
2023-01-19,Jue,15,23,27,36,39,48,4,2,4646993
2023-01-16,Lun,12,25,26,30,35,47,38,4,5768915
2023-01-14,Sab,2,15,24,34,36,43,12,4,1531059
2023-01-12,Jue,1,13,19,24,43,46,20,2,2367527
2023-01-09,Lun,15,16,24,25,33,34,47,7,3308096
2023-01-07,Sab,5,8,21,24,32,38,18,6,8154819
2023-01-05,Jue,11,20,30,32,37,42,44,7,4205179
2023-01-02,Lun,23,25,27,42,44,46,1,7,3120481
2022-12-31,Sab,7,8,20,22,23,47,15,3,4304711
2022-12-29,Jue,5,6,27,30,37,43,49,6,5064071
2022-12-26,Lun,3,17,30,40,41,49,28,6,4434278
2022-12-24,Sab,12,17,19,27,29,32,46,4,4729978
2022-12-22,Jue,3,16,20,23,40,41,33,0,1353638
2022-12-19,Lun,1,7,24,30,40,49,14,1,4190480
2022-12-17,Sab,12,18,35,39,43,48,49,9,9154568
2022-12-15,Jue,13,24,27,37,44,48,30,5,1653880
2022-12-12,Lun,11,20,25,31,38,41,21,8,998836
2022-12-10,Sab,4,6,11,19,30,48,3,1,3243543
2022-12-08,Jue,5,17,28,30,36,46,18,2,1958217
2022-12-05,Lun,5,11,15,25,28,47,30,8,1351336
2022-12-03,Sab,5,14,30,33,34,47,32,8,9899820
2022-12-01,Jue,8,9,28,29,42,45,2,6,3946312
2022-11-28,Lun,1,15,16,21,30,40,48,4,1396904
2022-11-26,Sab,6,11,16,32,46,49,43,8,5738645
2022-11-24,Jue,1,2,27,28,39,46,20,6,3520858
2022-11-21,Lun,19,24,26,34,41,46,15,7,5718558
2022-11-19,Sab,6,11,12,15,22,32,10,6,1370090
2022-11-17,Jue,2,20,22,23,38,47,13,8,7836357
2022-11-14,Lun,5,20,25,36,47,48,41,2,4925147
2022-11-12,Sab,1,9,19,28,34,36,33,5,89191
2022-11-10,Jue,10,15,16,25,28,30,46,1,1185383
2022-11-07,Lun,18,26,28,37,44,47,5,8,6366353
2022-11-05,Sab,14,16,26,35,39,40,44,1,3526664
2022-11-03,Jue,6,8,13,20,23,41,42,3,7026164
2022-10-31,Lun,1,16,21,35,38,47,15,3,6075108
2022-10-29,Sab,4,7,13,29,42,44,2,2,327787
2022-10-27,Jue,1,6,8,29,30,33,48,8,269300
2022-10-24,Lun,2,12,14,33,43,45,16,4,5357501
2022-10-22,Sab,4,15,16,24,26,28,35,4,4157406
2022-10-20,Jue,5,8,11,17,29,43,38,3,1021197
2022-10-17,Lun,23,29,32,39,40,41,38,9,2262461
2022-10-15,Sab,5,16,28,29,41,42,4,7,787181
2022-10-13,Jue,1,31,32,36,39,43,48,3,2125778
2022-10-10,Lun,1,6,18,19,40,42,4,2,6916884
2022-10-08,Sab,8,17,24,28,35,38,34,3,2607869
2022-10-06,Jue,16,19,20,22,24,25,15,0,8190354
2022-10-03,Lun,13,23,24,32,35,39,27,8,3970412
2022-10-01,Sab,2,3,8,32,37,45,23,9,4936132
2022-09-29,Jue,5,14,17,21,27,40,22,6,2379776
2022-09-26,Lun,14,16,20,22,40,44,9,9,8752520
2022-09-24,Sab,3,5,7,14,47,48,34,4,8309366
2022-09-22,Jue,11,12,14,42,44,47,17,9,8595023
2022-09-19,Lun,12,32,35,37,39,43,40,7,9904701
2022-09-17,Sab,2,14,28,35,43,44,23,7,7158899
2022-09-15,Jue,5,12,24,30,46,47,45,2,5724090
2022-09-12,Lun,6,7,23,29,43,49,37,7,8163369
2022-09-10,Sab,16,21,35,38,47,48,28,5,5021337
2022-09-08,Jue,3,10,15,28,34,39,21,5,3503438
2022-09-05,Lun,8,9,25,38,42,48,5,9,5189552
2022-09-03,Sab,11,29,35,43,45,49,39,5,6689995
2022-09-01,Jue,8,10,14,29,30,46,5,9,9151620
2022-08-29,Lun,7,8,16,19,20,41,46,3,9425677
2022-08-27,Sab,4,5,34,40,43,45,6,8,3529743
2022-08-25,Jue,11,13,16,24,30,41,18,5,2713546
2022-08-22,Lun,6,11,14,15,19,22,33,5,8733609
2022-08-20,Sab,19,29,31,37,38,39,16,0,9179060
2022-08-18,Jue,8,26,27,30,37,45,1,5,6903774
2022-08-15,Lun,3,12,23,40,41,43,4,1,3268096
2022-08-13,Sab,18,25,27,29,38,39,44,8,8990467
2022-08-11,Jue,5,7,8,31,40,43,6,8,8715592
2022-08-08,Lun,9,15,16,20,22,36,18,3,129419
2022-08-06,Sab,11,20,25,28,48,49,30,3,9046958
2022-08-04,Jue,5,7,20,22,38,40,42,9,3357488
2022-08-01,Lun,3,17,18,33,43,49,5,5,1932263
2022-07-30,Sab,1,10,28,30,31,35,24,8,4777748
2022-07-28,Jue,4,7,14,28,34,49,20,7,5585639
2022-07-25,Lun,2,5,19,30,42,43,49,7,6734199
2022-07-23,Sab,1,13,25,34,44,47,40,0,9527929
2022-07-21,Jue,8,20,29,39,43,45,42,5,1027012
2022-07-18,Lun,1,5,20,30,46,49,25,5,5159422
2022-07-16,Sab,19,24,37,43,45,47,7,4,6175325
2022-07-14,Jue,10,19,28,34,36,44,4,6,1875034
2022-07-11,Lun,8,10,19,25,38,39,2,1,3631964
2022-07-09,Sab,17,18,21,22,23,44,14,1,1476384
2022-07-07,Jue,1,6,11,12,16,26,43,3,4762103
2022-07-02,Sab,6,27,28,32,38,45,44,4,3050571
2022-06-30,Jue,12,21,23,30,40,49,25,8,5504693
2022-06-25,Sab,2,4,12,21,40,45,46,3,4976526
2022-06-23,Jue,1,13,23,29,37,47,16,6,3003553
2022-06-18,Sab,18,26,30,33,39,41,13,9,243217
2022-06-16,Jue,5,11,23,25,29,46,47,8,2925402
2022-06-11,Sab,2,21,22,28,45,46,41,7,3918517
2022-06-09,Jue,1,17,22,31,38,45,29,4,4869755
2022-06-04,Sab,2,6,26,35,38,46,16,3,212151
2022-06-02,Jue,1,10,19,21,24,32,43,8,96499
2022-05-28,Sab,7,20,30,34,45,48,1,5,8101152
2022-05-26,Jue,2,18,30,31,34,43,26,2,1103050
2022-05-21,Sab,2,8,18,35,48,49,3,0,2964997
2022-05-19,Jue,6,25,32,38,43,47,19,5,2783475
2022-05-14,Sab,16,23,29,33,38,47,27,5,4761372
2022-05-12,Jue,1,8,38,39,45,48,34,5,6689347
2022-05-07,Sab,8,16,18,21,23,41,43,9,9756552
2022-05-05,Jue,3,8,21,22,26,40,37,1,9475647
2022-04-30,Sab,2,12,32,46,48,49,38,7,4904118
2022-04-28,Jue,18,20,28,32,37,47,31,1,6141200
2022-04-23,Sab,1,7,14,29,32,44,8,0,1199783
2022-04-21,Jue,1,2,9,11,27,41,26,4,8682559
2022-04-16,Sab,9,10,19,27,45,46,28,1,7157492
2022-04-14,Jue,1,18,29,40,41,48,8,0,8262079
2022-04-09,Sab,11,17,21,23,29,35,41,6,80004
2022-04-07,Jue,10,20,26,39,44,48,2,4,6195263
2022-04-02,Sab,8,11,19,28,29,38,12,5,1507226
2022-03-31,Jue,1,7,8,26,39,46,33,4,7862964
2022-03-26,Sab,1,12,13,14,15,42,49,3,954121
2022-03-24,Jue,4,13,18,22,36,46,16,2,4002778
2022-03-19,Sab,4,9,10,15,16,40,33,2,2145137
2022-03-17,Jue,4,13,19,22,30,47,18,8,2107265
2022-03-12,Sab,2,12,14,22,30,41,40,8,3702757
2022-03-10,Jue,9,23,25,31,45,48,42,9,9602656
2022-03-05,Sab,10,12,14,19,23,46,27,4,6924734
2022-03-03,Jue,3,10,15,20,22,48,25,7,5211234
2022-02-26,Sab,3,15,32,38,40,42,9,3,5986095
2022-02-24,Jue,9,24,39,40,41,47,17,9,8125234
2022-02-19,Sab,3,9,22,29,33,34,35,3,3799484
2022-02-17,Jue,4,5,13,16,26,29,22,0,5486201
2022-02-12,Sab,2,18,31,40,43,45,16,1,6629038
2022-02-10,Jue,5,6,11,19,34,44,2,1,3760573
2022-02-05,Sab,21,23,36,37,40,46,15,0,9769343
2022-02-03,Jue,11,15,17,22,27,37,49,5,79196
2022-01-29,Sab,4,7,11,31,32,49,21,3,3616169
2022-01-27,Jue,5,9,25,31,33,49,40,4,4718887
2022-01-22,Sab,6,18,27,28,32,33,46,1,3021367
2022-01-20,Jue,3,11,17,18,39,46,41,6,9566016
2022-01-15,Sab,4,5,13,19,25,27,23,9,4175532
2022-01-13,Jue,12,16,17,18,40,45,10,4,2347065
2022-01-08,Sab,1,11,12,21,29,36,24,5,9743866
2022-01-06,Jue,11,18,34,40,47,48,49,7,2328360
2022-01-01,Sab,8,13,17,25,44,46,3,8,7030161
2021-12-30,Jue,12,24,32,36,37,43,38,4,5617205
2021-12-25,Sab,6,22,25,27,32,47,48,8,6840250
2021-12-23,Jue,15,17,23,32,44,45,2,9,190566
2021-12-18,Sab,3,4,27,29,32,45,42,2,8534764
2021-12-16,Jue,4,10,14,15,22,45,23,4,3219438
2021-12-11,Sab,4,7,13,14,39,40,42,5,3442014
2021-12-09,Jue,2,3,4,27,28,37,1,0,2510358
2021-12-04,Sab,1,4,6,8,19,27,29,8,168674
2021-12-02,Jue,1,5,10,18,28,30,48,2,5553455
2021-11-27,Sab,2,4,6,13,18,19,35,3,6402446
2021-11-25,Jue,17,18,28,29,36,49,44,4,3896833
2021-11-20,Sab,3,20,26,33,42,44,15,0,8691788
2021-11-18,Jue,12,15,22,27,28,43,23,5,2093268
2021-11-13,Sab,4,19,34,38,43,48,22,4,393678
2021-11-11,Jue,14,27,37,43,46,49,34,9,9539221
2021-11-06,Sab,1,2,5,26,33,49,31,3,2897053
2021-11-04,Jue,22,24,25,31,45,47,44,5,5760867
2021-10-30,Sab,6,13,29,37,38,45,14,5,8175938
2021-10-28,Jue,5,8,15,17,34,45,27,8,5078787
2021-10-23,Sab,1,3,12,15,29,47,37,0,878641
2021-10-21,Jue,9,10,18,20,30,46,26,1,2164705
2021-10-16,Sab,6,10,21,42,43,47,1,3,2851522
2021-10-14,Jue,4,8,19,21,24,33,2,3,495790
2021-10-09,Sab,6,14,18,29,45,46,38,6,4616797
2021-10-07,Jue,3,14,24,34,41,46,19,9,4402040
2021-10-02,Sab,10,21,25,33,42,43,14,2,4947737
2021-09-30,Jue,2,10,14,23,36,44,18,5,9295531
2021-09-25,Sab,10,14,23,38,42,48,13,0,3365416
2021-09-23,Jue,12,20,23,27,29,42,21,5,9296791
2021-09-18,Sab,3,28,31,34,43,46,17,2,4245337
2021-09-16,Jue,4,13,14,19,41,44,17,2,2591775
2021-09-11,Sab,3,7,12,22,24,39,29,7,3252151
2021-09-09,Jue,7,24,30,39,44,48,4,2,2053411
2021-09-04,Sab,2,4,8,23,33,44,45,4,3644143
2021-09-02,Jue,10,17,22,26,29,49,14,9,9920756
2021-08-28,Sab,4,10,15,16,34,49,44,3,5878658
2021-08-26,Jue,2,3,18,30,35,47,21,7,1852989
2021-08-21,Sab,1,4,5,14,19,45,25,1,1613223
2021-08-19,Jue,4,13,18,28,33,40,2,1,3596115
2021-08-14,Sab,16,19,26,31,33,40,30,0,5164172
2021-08-12,Jue,20,27,35,36,41,42,11,9,1115113
2021-08-07,Sab,2,3,15,22,36,40,13,9,994745
2021-08-05,Jue,3,11,19,30,33,35,49,0,8583659
2021-07-31,Sab,6,11,17,25,30,43,40,7,2193984
2021-07-29,Jue,12,24,32,33,36,45,10,5,7552610
2021-07-24,Sab,11,26,31,32,43,45,19,1,596326
2021-07-22,Jue,6,7,12,27,28,41,40,5,4617639
2021-07-17,Sab,1,5,14,26,27,29,43,1,7014302
2021-07-15,Jue,5,19,23,34,36,37,29,7,9246899
2021-07-10,Sab,15,20,21,25,32,42,10,3,7446750
2021-07-08,Jue,2,5,16,21,34,35,31,0,295212
2021-07-03,Sab,5,10,18,19,34,35,17,5,8884516
2021-07-01,Jue,1,2,6,22,29,34,8,8,1902021
2021-06-26,Sab,1,4,22,35,39,40,34,0,8361203
2021-06-24,Jue,1,9,12,26,28,34,25,0,2907556
2021-06-19,Sab,8,15,19,29,38,48,37,1,5449161
2021-06-17,Jue,8,15,21,25,37,42,44,3,1839786
2021-06-12,Sab,1,19,23,31,38,48,40,3,92538
2021-06-10,Jue,2,19,26,29,41,42,45,4,48800
2021-06-05,Sab,1,25,26,28,34,45,49,1,3360866
2021-06-03,Jue,1,2,9,19,30,49,16,8,5709831
2021-05-29,Sab,6,7,19,21,31,42,10,0,189757
2021-05-27,Jue,12,14,37,39,41,47,6,9,6302415
2021-05-22,Sab,17,19,24,33,41,46,6,7,6872546
2021-05-20,Jue,2,13,15,17,32,40,28,6,680319
2021-05-15,Sab,3,8,19,20,44,45,17,3,7814438
2021-05-13,Jue,3,14,23,29,35,48,6,8,4409818
2021-05-08,Sab,4,7,10,18,27,31,1,1,857569
2021-05-06,Jue,1,14,21,26,35,49,32,9,4397399
2021-05-01,Sab,15,23,29,33,37,41,19,0,4509284
2021-04-29,Jue,1,4,36,37,42,43,15,5,5068852
2021-04-24,Sab,2,26,32,37,40,43,23,9,7284903
2021-04-22,Jue,8,15,19,23,27,33,5,5,8334421
2021-04-17,Sab,1,6,13,21,26,40,12,9,8671909
2021-04-15,Jue,14,19,20,23,24,29,15,2,7721548
2021-04-10,Sab,6,8,12,30,40,41,32,6,336283
2021-04-08,Jue,10,18,26,35,41,48,2,8,1027743
2021-04-03,Sab,1,8,10,17,27,31,34,1,4004433
2021-04-01,Jue,6,11,20,24,36,41,44,4,8832973
2021-03-27,Sab,7,22,34,44,46,47,30,9,5224728
2021-03-25,Jue,5,18,19,26,39,49,30,4,2007562
2021-03-20,Sab,11,13,23,24,41,42,7,7,6197991
2021-03-18,Jue,2,26,28,44,45,47,20,8,2354008
2021-03-13,Sab,1,12,27,32,40,48,44,9,9272351
2021-03-11,Jue,1,2,17,28,36,42,16,8,1631163
2021-03-06,Sab,3,5,11,16,17,40,32,7,2899314
2021-03-04,Jue,2,7,8,13,32,42,6,0,9144932
2021-02-27,Sab,14,19,29,34,42,48,4,8,7066724
2021-02-25,Jue,13,25,30,33,36,43,7,9,3631084
2021-02-20,Sab,2,5,7,38,43,44,37,1,624146
2021-02-18,Jue,1,3,9,29,36,41,37,3,202869
2021-02-13,Sab,9,10,25,35,37,40,45,9,1609880
2021-02-11,Jue,2,3,8,10,39,48,44,3,3925366
2021-02-06,Sab,7,15,22,37,41,42,28,5,6007044
2021-02-04,Jue,5,9,11,33,46,49,10,2,1464402
2021-01-30,Sab,13,14,26,33,36,40,18,4,4461785
2021-01-28,Jue,3,26,31,35,46,49,17,3,2946326
2021-01-23,Sab,5,11,22,28,30,42,26,7,7747157
2021-01-21,Jue,8,14,31,42,43,44,20,4,8514098
2021-01-16,Sab,1,28,30,34,48,49,42,0,7002402
2021-01-14,Jue,10,12,14,39,41,45,6,3,5378943
2021-01-09,Sab,8,13,19,25,29,38,32,2,151226
2021-01-07,Jue,18,24,32,33,35,46,19,3,1016895
2021-01-02,Sab,6,13,19,37,38,43,15,9,8180708
2020-12-31,Jue,4,5,7,15,24,38,41,0,2876717
2020-12-26,Sab,16,20,23,31,38,43,27,5,4376608
2020-12-24,Jue,4,6,11,32,36,43,1,4,8658600
2020-12-19,Sab,4,6,9,11,19,23,10,4,7039088
2020-12-17,Jue,3,11,24,38,40,43,8,6,8188800
2020-12-12,Sab,11,16,26,27,40,44,18,0,875361
2020-12-10,Jue,9,12,13,18,22,36,2,7,8284220
2020-12-05,Sab,3,14,28,31,40,49,20,6,8155390
2020-12-03,Jue,2,14,19,30,32,49,16,9,7238443
2020-11-28,Sab,2,4,13,21,25,28,32,9,7671945
2020-11-26,Jue,17,22,26,29,31,44,20,9,2287293
2020-11-21,Sab,8,15,17,32,36,45,25,2,7519816
2020-11-19,Jue,3,6,12,30,44,46,39,0,4553776
2020-11-14,Sab,5,9,16,33,36,43,41,0,621491
2020-11-12,Jue,3,21,27,36,37,46,26,7,954046
2020-11-07,Sab,2,6,9,20,22,48,16,8,1247927
2020-11-05,Jue,1,4,10,22,31,41,29,0,5626876
2020-10-31,Sab,2,13,21,32,41,43,40,9,9439235
2020-10-29,Jue,1,22,27,34,47,49,11,6,3399180
2020-10-24,Sab,9,17,24,41,42,47,39,1,7970561
2020-10-22,Jue,13,17,31,36,39,43,19,6,5593195
2020-10-17,Sab,1,7,39,40,41,46,33,3,3016350
2020-10-15,Jue,1,10,13,23,42,48,40,2,7009115
2020-10-10,Sab,1,4,16,27,36,44,40,4,8315266
2020-10-08,Jue,1,6,9,11,21,39,19,1,2712677
2020-10-03,Sab,5,12,13,27,42,48,14,5,5097034
2020-10-01,Jue,4,6,10,25,29,41,19,8,3634529
2020-09-26,Sab,7,10,14,15,26,46,20,0,3844410
2020-09-24,Jue,3,10,13,15,31,48,43,6,3402449
2020-09-19,Sab,7,17,19,35,42,44,6,5,3194731
2020-09-17,Jue,8,18,19,20,36,40,37,9,6316945
2020-09-12,Sab,5,18,25,28,35,46,2,4,8403588
2020-09-10,Jue,23,29,30,36,37,43,33,7,9766090
2020-09-05,Sab,7,12,14,21,34,38,24,2,5865390
2020-09-03,Jue,10,11,13,26,44,45,37,5,2540174
2020-08-29,Sab,1,6,11,20,24,35,2,2,1971223
2020-08-27,Jue,9,16,35,42,47,49,27,8,4651140
2020-08-22,Sab,10,12,14,31,33,40,8,3,5222218
2020-08-20,Jue,4,7,14,22,45,47,13,0,2449195
2020-08-15,Sab,5,10,27,34,36,38,35,5,6375234
2020-08-13,Jue,1,4,6,17,23,26,3,0,48124
2020-08-08,Sab,3,9,12,14,15,46,38,5,6549224
2020-08-06,Jue,18,23,33,35,36,41,49,2,1053010
2020-08-01,Sab,1,13,24,35,44,48,38,3,1718268
2020-07-30,Jue,3,13,33,34,45,47,43,0,899736
2020-07-25,Sab,3,16,33,37,43,45,42,1,9359173
2020-07-23,Jue,7,13,34,36,43,45,6,4,8436909
2020-07-18,Sab,4,13,38,39,40,42,41,9,8071007
2020-07-16,Jue,13,15,26,42,45,47,7,5,2333091
2020-07-11,Sab,6,7,14,18,25,34,44,9,8852535
2020-07-09,Jue,4,11,22,24,27,36,41,5,6926745
2020-07-04,Sab,4,7,12,15,36,41,33,1,9010183
2020-07-02,Jue,9,13,14,32,34,49,23,0,5003634
2020-06-27,Sab,18,28,33,38,46,49,44,1,7852258
2020-06-25,Jue,27,30,32,35,42,47,7,0,8461346
2020-06-20,Sab,8,9,24,28,42,47,38,1,7590726
2020-06-18,Jue,9,15,17,18,37,46,5,8,2663255
2020-06-13,Sab,13,14,16,19,31,38,15,9,8927624
2020-06-11,Jue,1,3,28,30,38,40,37,1,1831913
2020-06-06,Sab,3,7,9,28,30,48,16,4,7700485
2020-06-04,Jue,9,12,16,21,22,23,34,8,4738730
2020-05-30,Sab,2,4,15,17,36,40,34,5,2152178
2020-05-28,Jue,18,24,28,31,42,49,8,1,8485681
2020-05-23,Sab,1,8,9,14,21,23,46,4,3943137
2020-05-21,Jue,2,5,9,21,34,49,22,2,7056324
2020-03-14,Sab,9,20,31,34,37,45,44,7,6381073
2020-03-12,Jue,13,15,16,27,38,49,7,0,8205072
2020-03-07,Sab,3,5,16,22,29,33,1,4,7079157
2020-03-05,Jue,5,15,19,27,46,49,39,3,151181
2020-02-29,Sab,3,17,28,36,41,47,49,4,5268914
2020-02-27,Jue,16,18,24,25,34,42,11,7,2173453
2020-02-22,Sab,7,12,25,31,37,44,39,4,662675
2020-02-20,Jue,3,15,18,23,31,39,26,5,576516
2020-02-15,Sab,3,7,9,30,44,45,31,9,6288396
2020-02-13,Jue,4,12,20,36,40,45,18,0,3122084
2020-02-08,Sab,4,20,25,28,46,49,16,2,5745185
2020-02-06,Jue,14,16,28,33,45,47,18,3,1471400
2020-02-01,Sab,13,15,36,39,40,41,33,1,8305439
2020-01-30,Jue,19,25,28,29,34,42,33,9,9596183
2020-01-25,Sab,3,20,27,28,44,46,14,7,1807976
2020-01-23,Jue,2,17,18,19,38,40,9,1,7255927
2020-01-18,Sab,7,12,17,23,33,37,44,6,4987695
2020-01-16,Jue,1,12,17,18,30,46,11,2,7645589
2020-01-11,Sab,13,14,15,23,24,41,39,7,6400630
2020-01-09,Jue,3,19,34,36,44,48,4,3,1901947
2020-01-04,Sab,1,2,22,27,30,44,36,5,2157304
2020-01-02,Jue,11,25,32,40,44,46,12,2,4581061
2019-12-28,Sab,5,7,27,39,42,48,14,1,3670600
2019-12-26,Jue,13,35,43,45,46,47,2,6,8401006
2019-12-21,Sab,8,11,37,38,42,45,17,2,1264669
2019-12-19,Jue,19,31,32,37,40,48,36,1,8972940
2019-12-14,Sab,6,16,18,30,32,41,19,4,8499280
2019-12-12,Jue,2,13,31,32,33,40,5,9,6757977
2019-12-07,Sab,2,13,34,36,41,42,28,6,1608523
2019-12-05,Jue,1,17,18,40,41,43,21,7,6112558
2019-11-30,Sab,2,4,7,9,16,41,25,3,8944023
2019-11-28,Jue,7,11,21,41,43,46,16,2,2781963
2019-11-23,Sab,5,7,8,9,17,42,3,3,7757709
2019-11-21,Jue,3,5,11,27,34,37,40,6,8145569
2019-11-16,Sab,9,26,33,34,36,44,28,4,9922559
2019-11-14,Jue,2,16,19,25,37,43,30,7,2931652
2019-11-09,Sab,1,24,29,42,44,45,38,1,7843289
2019-11-07,Jue,10,12,23,26,41,46,34,4,4353011
2019-11-02,Sab,5,18,26,28,46,47,13,9,880983
2019-10-31,Jue,5,7,15,29,42,44,40,2,4305608
2019-10-26,Sab,2,6,23,36,37,46,34,5,6929806
2019-10-24,Jue,5,13,19,38,39,42,45,0,3974958
2019-10-19,Sab,3,10,17,26,39,49,25,8,8145414
2019-10-17,Jue,2,16,28,36,38,43,7,2,8514919
2019-10-12,Sab,8,20,26,27,47,48,34,2,1637307
2019-10-10,Jue,11,20,22,26,27,43,31,5,6730939
2019-10-05,Sab,2,7,21,24,30,42,32,8,405108
2019-10-03,Jue,10,19,20,25,39,42,46,8,8782477
2019-09-28,Sab,10,15,21,22,42,43,19,5,6832762
2019-09-26,Jue,10,16,28,37,39,40,1,9,2815046
2019-09-21,Sab,10,14,22,26,27,36,47,6,8030393
2019-09-19,Jue,10,20,29,30,33,41,24,5,3143212
2019-09-14,Sab,16,32,34,36,45,46,21,3,5369265
2019-09-12,Jue,3,10,16,27,34,37,30,5,5927655
2019-09-07,Sab,25,31,37,39,44,49,10,2,7720727
2019-09-05,Jue,3,10,11,13,19,31,40,5,2819371
2019-08-31,Sab,8,11,12,27,41,44,49,5,9082989
2019-08-29,Jue,1,2,3,28,40,43,17,6,4251483
2019-08-24,Sab,3,27,29,36,37,47,42,7,5326330
2019-08-22,Jue,21,24,38,39,45,46,29,5,4974449
2019-08-17,Sab,1,9,14,25,28,29,37,0,2424003
2019-08-15,Jue,3,5,10,21,26,49,2,3,1405836
2019-08-10,Sab,9,19,22,29,37,44,21,2,9996383
2019-08-08,Jue,9,21,31,35,43,47,17,5,9804115
2019-08-03,Sab,10,13,27,29,37,45,40,8,9615914
2019-08-01,Jue,6,11,21,22,28,41,37,8,5462477
2019-07-27,Sab,1,9,17,19,38,43,31,9,3137903
2019-07-25,Jue,7,15,16,35,37,38,27,6,2037959
2019-07-20,Sab,15,21,22,26,28,35,39,6,9240002
2019-07-18,Jue,18,23,24,33,45,48,21,6,7445668
2019-07-13,Sab,7,14,29,31,43,46,25,6,1089080
2019-07-11,Jue,12,13,26,30,39,46,32,8,2283653
2019-07-06,Sab,9,14,15,22,26,48,29,9,5506609
2019-07-04,Jue,2,13,19,32,34,49,23,6,1078660
2019-06-29,Sab,7,14,23,27,31,45,20,6,2699453
2019-06-27,Jue,8,13,17,27,32,49,38,3,5171135
2019-06-22,Sab,1,2,3,12,18,27,21,1,2488626
2019-06-20,Jue,7,9,14,35,39,48,10,2,4812959
2019-06-15,Sab,12,15,18,21,32,43,38,5,2957554
2019-06-13,Jue,12,15,21,30,44,47,6,9,2037520
2019-06-08,Sab,5,23,25,28,30,42,11,7,2706124
2019-06-06,Jue,6,11,17,21,36,45,3,7,9866093
2019-06-01,Sab,14,21,22,26,44,49,9,5,7277438
2019-05-30,Jue,2,15,21,39,44,48,37,8,6830506
2019-05-25,Sab,4,17,19,36,38,48,6,2,7307644
2019-05-23,Jue,11,14,16,18,39,41,43,7,7735359
2019-05-18,Sab,3,16,19,30,36,47,12,4,7438102
2019-05-16,Jue,1,15,27,29,31,33,26,2,1281749
2019-05-11,Sab,7,15,17,28,45,47,11,7,3498077
2019-05-09,Jue,11,21,24,26,35,38,6,1,5444180
2019-05-04,Sab,9,21,34,35,47,48,12,7,5612659
2019-05-02,Jue,3,6,11,15,22,24,12,9,2835635
2019-04-27,Sab,5,8,27,30,47,49,33,3,9282239
2019-04-25,Jue,4,15,16,21,28,42,1,8,5938743
2019-04-20,Sab,2,4,19,40,44,45,36,8,6200003
2019-04-18,Jue,18,19,25,29,32,41,10,6,7918238
2019-04-13,Sab,15,18,21,29,40,47,9,8,6313699
2019-04-11,Jue,3,22,36,39,45,47,29,6,4885695
2019-04-06,Sab,1,10,14,33,39,44,20,7,1410732
2019-04-04,Jue,6,16,17,25,36,37,44,3,7005413
2019-03-30,Sab,4,5,22,32,44,45,23,8,5062864
2019-03-28,Jue,1,7,10,23,38,47,13,2,8971326
2019-03-23,Sab,3,8,20,25,30,38,24,0,2329039
2019-03-21,Jue,17,22,38,44,47,49,46,5,7627220
2019-03-16,Sab,6,17,19,29,31,38,35,4,4371453
2019-03-14,Jue,10,16,17,23,27,43,39,3,9908320
2019-03-09,Sab,3,23,25,37,43,46,16,0,1530602
2019-03-07,Jue,4,6,15,21,26,40,32,0,4814606
2019-03-02,Sab,3,5,19,35,40,47,30,1,3030111
2019-02-28,Jue,2,20,22,29,34,36,28,2,4792719
2019-02-23,Sab,7,15,28,29,38,48,22,6,8462492
2019-02-21,Jue,4,13,26,40,41,48,6,7,1691065
2019-02-16,Sab,8,19,24,25,29,49,38,3,8312662
2019-02-14,Jue,3,10,28,34,40,42,1,2,6821832
2019-02-09,Sab,27,30,35,36,40,49,21,3,9961573
2019-02-07,Jue,7,8,27,37,41,45,14,1,6826284
2019-02-02,Sab,8,21,25,27,43,47,12,3,3131246
2019-01-31,Jue,5,7,23,25,33,42,14,1,3996359
2019-01-26,Sab,8,24,34,37,43,48,29,3,4898847
2019-01-24,Jue,2,5,14,18,35,49,32,4,6371312
2019-01-19,Sab,7,8,24,32,36,41,11,9,7781180
2019-01-17,Jue,8,19,24,26,30,47,7,4,8270620
2019-01-12,Sab,3,6,7,32,41,43,27,7,8384506
2019-01-10,Jue,6,10,13,14,15,28,1,5,3019574
2019-01-05,Sab,19,21,29,37,41,49,26,0,4308958
2019-01-03,Jue,7,13,23,40,41,49,16,3,9289131
2018-12-29,Sab,7,15,20,28,32,42,17,3,1828699
2018-12-27,Jue,1,23,29,31,35,42,20,6,4129570
2018-12-22,Sab,8,11,32,41,44,45,38,3,1092798
2018-12-20,Jue,8,24,25,31,43,46,12,8,7952896
2018-12-15,Sab,6,9,10,24,26,32,25,5,3459017
2018-12-13,Jue,2,10,41,42,44,45,33,3,3661223
2018-12-08,Sab,8,9,12,19,24,41,39,4,9759406
2018-12-06,Jue,19,20,32,37,42,49,46,0,6931344
2018-12-01,Sab,2,12,19,39,44,45,22,9,1687972
2018-11-29,Jue,8,18,26,40,44,49,4,7,3594429
2018-11-24,Sab,2,10,14,19,24,35,32,9,7216216
2018-11-22,Jue,9,22,39,43,45,47,4,4,336382
2018-11-17,Sab,2,14,23,29,30,39,37,2,5045646
2018-11-15,Jue,6,26,36,39,40,45,12,8,5892581
2018-11-10,Sab,20,21,22,24,40,46,27,8,2221137
2018-11-08,Jue,16,22,26,30,35,39,33,6,6306097
2018-11-03,Sab,1,8,16,23,36,43,44,2,9739741
2018-11-01,Jue,13,21,28,36,37,40,39,4,9201378
2018-10-27,Sab,8,15,16,34,40,42,18,6,4942666
2018-10-25,Jue,7,12,13,19,31,42,11,8,3192431
2018-10-20,Sab,3,12,19,20,24,39,45,8,7003139
2018-10-18,Jue,5,9,16,28,41,43,44,2,4223358
2018-10-13,Sab,3,11,15,17,21,40,29,8,5951222
2018-10-11,Jue,2,18,24,26,27,30,34,0,3016926
2018-10-06,Sab,1,11,19,26,27,34,44,8,1141111
2018-10-04,Jue,19,28,34,36,41,47,16,1,1074174
2018-09-29,Sab,7,8,22,34,39,45,25,4,6509406
2018-09-27,Jue,4,10,17,18,21,42,45,7,248351
2018-09-22,Sab,9,16,19,31,32,48,8,8,4481991
2018-09-20,Jue,4,24,26,34,36,46,39,9,6294950
2018-09-15,Sab,4,21,24,26,34,36,14,8,1326119
2018-09-13,Jue,2,11,23,24,43,49,8,7,6080327
2018-09-08,Sab,9,16,30,38,40,41,4,7,4964094
2018-09-06,Jue,3,11,21,27,28,34,40,9,1598875
2018-09-01,Sab,4,7,19,37,44,45,12,2,8085680
2018-08-30,Jue,8,11,27,38,40,44,26,5,145143
2018-08-25,Sab,8,17,18,34,41,49,3,9,9041065
2018-08-23,Jue,2,9,12,40,45,48,5,6,5849579
2018-08-18,Sab,7,25,35,37,41,42,15,1,4002586
2018-08-16,Jue,2,4,5,13,30,38,35,2,7539920
2018-08-11,Sab,10,13,15,16,24,43,20,0,129909
2018-08-09,Jue,4,12,15,17,37,46,16,8,8668538
2018-08-04,Sab,6,15,35,37,45,48,49,3,5658454
2018-08-02,Jue,10,18,25,37,38,49,32,9,1361981
2018-07-28,Sab,2,10,12,20,43,46,40,7,2926338
2018-07-26,Jue,13,25,31,32,38,40,15,7,2638522
2018-07-21,Sab,2,18,24,28,33,36,47,8,1924832
2018-07-19,Jue,4,5,9,22,39,49,28,1,4159431
2018-07-14,Sab,2,12,16,18,27,40,33,5,7216831
2018-07-12,Jue,10,20,25,26,32,47,2,4,6295691
2018-07-07,Sab,6,9,10,11,42,44,21,4,7130654
2018-07-05,Jue,11,13,31,32,47,49,1,4,594356
2018-06-30,Sab,5,14,16,30,37,44,23,3,3299838
2018-06-28,Jue,15,28,31,32,38,49,12,2,4766328
2018-06-23,Sab,7,8,9,21,24,25,4,4,9072619
2018-06-21,Jue,1,12,34,38,46,48,36,5,8501788
2018-06-16,Sab,9,11,18,29,30,43,10,1,4683405
2018-06-14,Jue,7,18,35,40,41,49,33,8,5286707
2018-06-09,Sab,2,9,13,26,29,35,24,1,2897864
2018-06-07,Jue,1,9,17,25,28,44,21,4,6363148
2018-06-02,Sab,7,10,12,32,38,41,27,9,652299
2018-05-31,Jue,2,7,11,16,17,44,14,7,7976128
2018-05-26,Sab,13,26,30,35,36,39,11,0,7901730
2018-05-24,Jue,1,28,31,34,35,40,46,4,5391668
2018-05-19,Sab,5,8,20,31,32,33,28,6,2099547
2018-05-17,Jue,23,24,25,26,32,35,22,4,1540969
2018-05-12,Sab,3,9,15,23,27,37,11,2,399292
2018-05-10,Jue,1,11,22,23,38,39,7,1,2313926
2018-05-05,Sab,1,19,26,32,33,34,25,2,8155666
2018-05-03,Jue,2,17,18,28,35,40,16,6,3025905
2018-04-28,Sab,7,25,31,35,37,39,42,5,532222
2018-04-26,Jue,4,11,25,36,40,49,26,1,9240424
2018-04-21,Sab,8,17,19,29,42,43,40,6,1349238
2018-04-19,Jue,10,19,33,43,45,46,32,2,5477746
2018-04-14,Sab,3,17,20,22,24,34,4,3,2322081
2018-04-12,Jue,7,12,18,34,35,41,48,1,6416813
2018-04-07,Sab,24,25,34,40,41,43,6,4,4986632
2018-04-05,Jue,11,16,23,31,47,49,26,0,4836875
2018-03-31,Sab,14,22,24,26,31,41,39,6,6166394
2018-03-29,Jue,2,15,17,19,26,38,33,3,744825
2018-03-24,Sab,17,18,21,23,27,48,6,2,5736038
2018-03-22,Jue,1,7,24,34,36,48,29,8,2271456
2018-03-17,Sab,8,21,35,36,37,43,39,1,4497057
2018-03-15,Jue,5,9,11,20,22,29,33,0,3794358
2018-03-10,Sab,4,18,20,25,30,49,16,0,6041319
2018-03-08,Jue,2,9,12,15,26,31,16,0,5986378
2018-03-03,Sab,5,14,24,28,36,49,21,7,4052156
2018-03-01,Jue,6,9,17,22,28,36,7,1,8185066
2018-02-24,Sab,4,5,12,27,43,45,40,7,3544370
2018-02-22,Jue,4,8,11,23,34,35,2,2,6822466
2018-02-17,Sab,9,18,19,22,31,38,17,8,8034825
2018-02-15,Jue,1,2,21,22,27,47,24,0,4085600
2018-02-10,Sab,7,10,12,19,22,45,2,3,9104800
2018-02-08,Jue,12,18,19,24,32,42,30,7,7355415
2018-02-03,Sab,1,9,11,26,33,40,27,2,6229581
2018-02-01,Jue,1,4,38,42,46,49,35,2,5778491
2018-01-27,Sab,7,8,10,14,27,48,42,7,3129415
2018-01-25,Jue,3,6,25,31,32,40,20,6,8889779
2018-01-20,Sab,15,23,28,36,39,47,29,8,3031690
2018-01-18,Jue,11,12,22,28,37,49,24,0,3973025
2018-01-13,Sab,6,7,22,31,38,44,40,8,5053
2018-01-11,Jue,15,24,29,32,36,46,44,0,4807239
2018-01-06,Sab,19,28,33,40,42,48,38,0,263047
2018-01-04,Jue,6,9,13,24,35,42,16,3,5207129
2017-12-30,Sab,8,9,11,21,42,44,22,8,2084066
2017-12-28,Jue,3,5,21,26,28,34,42,2,347442
2017-12-23,Sab,4,24,26,30,39,46,6,4,4895273
2017-12-21,Jue,3,15,27,35,36,45,16,8,5353322
2017-12-16,Sab,16,19,28,45,48,49,17,8,6940439
2017-12-14,Jue,25,28,31,35,44,48,47,6,8001577
2017-12-09,Sab,5,32,33,38,40,47,34,2,2933861
2017-12-07,Jue,1,3,4,7,14,45,18,6,6681262
2017-12-02,Sab,3,11,16,19,22,47,38,6,4642369
2017-11-30,Jue,5,6,9,20,29,30,8,4,3311430
2017-11-25,Sab,21,29,31,32,34,46,38,4,201206
2017-11-23,Jue,3,9,11,35,43,45,33,6,408022
2017-11-18,Sab,3,7,12,29,31,44,46,5,3626953
2017-11-16,Jue,5,10,11,13,23,41,37,0,842346
2017-11-11,Sab,6,8,22,24,43,45,11,1,2263393
2017-11-09,Jue,1,9,10,12,27,49,41,9,4831728
2017-11-04,Sab,19,25,27,42,47,48,24,8,3831909
2017-11-02,Jue,12,19,34,45,47,48,29,1,8793880
2017-10-28,Sab,3,17,21,35,37,38,18,5,3830882
2017-10-26,Jue,2,6,17,25,37,49,30,5,2421855
2017-10-21,Sab,5,6,17,22,34,40,35,7,2320614
2017-10-19,Jue,7,11,16,31,41,42,17,3,5231978
2017-10-14,Sab,16,23,26,35,45,47,19,5,9029583
2017-10-12,Jue,7,9,20,31,37,47,18,7,1934673
2017-10-07,Sab,1,20,23,41,45,47,22,4,3943922
2017-10-05,Jue,5,12,23,26,33,48,31,6,4125457
2017-09-30,Sab,4,6,31,33,35,42,46,1,3208880
2017-09-28,Jue,13,18,28,29,30,33,17,3,8770386
2017-09-23,Sab,9,15,18,23,37,41,43,7,9420035
2017-09-21,Jue,14,15,20,23,26,48,10,1,1821484
2017-09-16,Sab,1,5,7,10,25,44,4,6,2807311
2017-09-14,Jue,4,7,16,18,23,36,26,1,2122206
2017-09-09,Sab,1,10,20,21,37,44,23,9,7733360
2017-09-07,Jue,1,14,18,19,26,37,34,9,158938
2017-09-02,Sab,1,4,18,37,40,49,3,9,2417736
2017-08-31,Jue,4,15,20,35,39,41,30,6,8626692
2017-08-26,Sab,7,19,23,28,42,49,16,4,462926
2017-08-24,Jue,7,10,12,35,38,40,49,1,7636231
2017-08-19,Sab,2,17,35,37,43,48,34,7,5306751
2017-08-17,Jue,8,17,19,45,48,49,43,2,8337021
2017-08-12,Sab,9,17,19,25,29,46,40,7,4710549
2017-08-10,Jue,6,9,20,26,38,45,33,9,3957591
2017-08-05,Sab,6,10,17,26,44,49,21,3,2899004
2017-08-03,Jue,13,17,20,27,33,34,31,6,2107586
2017-07-29,Sab,20,23,35,43,44,47,16,5,5451940
2017-07-27,Jue,1,2,5,27,39,49,40,5,2978961
2017-07-22,Sab,18,21,27,37,38,40,20,1,6332912
2017-07-20,Jue,3,5,22,35,43,46,41,5,9098781
2017-07-15,Sab,11,23,32,42,46,47,8,1,7633988
2017-07-13,Jue,1,6,8,12,27,40,42,7,7024028
2017-07-08,Sab,3,16,21,25,26,39,48,3,5487914
2017-07-06,Jue,3,5,9,20,29,49,46,1,6890092
2017-07-01,Sab,12,22,26,27,30,31,29,2,8490301
2017-06-29,Jue,1,11,20,35,40,49,16,0,4813227
2017-06-24,Sab,11,14,21,30,39,40,29,7,7095476
2017-06-22,Jue,3,15,30,37,38,41,8,0,8611192
2017-06-17,Sab,3,13,16,21,28,43,24,2,1528371
2017-06-15,Jue,3,7,11,20,22,30,41,9,4216734
2017-06-10,Sab,18,19,22,29,35,45,4,8,5710433
2017-06-08,Jue,19,20,25,32,33,34,24,4,5033401
2017-06-03,Sab,9,12,13,22,23,43,40,9,7430613
2017-06-01,Jue,7,10,26,29,33,37,6,9,6720121
2017-05-27,Sab,18,25,26,29,30,39,44,5,9250822
2017-05-25,Jue,18,21,28,32,34,42,7,4,5155285
2017-05-20,Sab,10,24,25,31,32,36,48,9,3338148
2017-05-18,Jue,8,15,16,19,27,47,10,5,4803437
2017-05-13,Sab,3,9,28,29,41,42,6,5,9843362
2017-05-11,Jue,6,19,20,28,31,39,35,9,5115523
2017-05-06,Sab,1,22,26,27,31,34,28,3,1796864
2017-05-04,Jue,9,11,17,23,28,36,20,0,4234887
2017-04-29,Sab,3,12,22,24,35,46,26,2,7096586
2017-04-27,Jue,10,11,26,32,33,44,28,4,8477837
2017-04-22,Sab,1,11,16,26,45,47,41,4,2328763
2017-04-20,Jue,11,16,21,22,28,46,25,6,2369224
2017-04-15,Sab,6,14,24,30,35,48,4,0,1767144
2017-04-13,Jue,2,14,20,24,41,47,36,3,1692837
2017-04-08,Sab,3,19,40,44,47,48,24,1,474039
2017-04-06,Jue,7,15,16,25,28,29,4,7,7821357
2017-04-01,Sab,6,8,18,22,26,36,13,9,9888185
2017-03-30,Jue,13,20,33,35,42,48,10,0,7506676
2017-03-25,Sab,7,11,35,36,37,40,8,7,4204927
2017-03-23,Jue,16,25,29,35,39,49,17,5,3889853
2017-03-18,Sab,3,5,14,21,28,43,23,6,8551989
2017-03-16,Jue,4,38,39,41,45,49,47,0,7596550
2017-03-11,Sab,1,22,28,37,39,43,44,0,2307688
2017-03-09,Jue,3,4,24,30,36,44,21,8,4267743
2017-03-04,Sab,8,17,25,26,38,48,4,2,8552472
2017-03-02,Jue,22,25,29,41,42,43,34,5,1753766
2017-02-25,Sab,2,9,13,27,36,48,28,9,441528
2017-02-23,Jue,11,12,17,27,42,48,5,0,1251087
2017-02-18,Sab,5,15,19,21,29,39,43,1,8718603
2017-02-16,Jue,3,16,25,29,35,40,5,7,6621714
2017-02-11,Sab,4,22,36,40,43,47,5,4,6692533
2017-02-09,Jue,5,18,30,33,37,45,8,7,5162546
2017-02-04,Sab,8,26,31,32,39,42,18,5,4575376
2017-02-02,Jue,4,5,17,24,27,28,45,3,4356744
2017-01-28,Sab,8,10,22,24,35,47,14,3,1680045
2017-01-26,Jue,13,15,20,24,32,38,1,5,4760074
2017-01-21,Sab,4,9,15,29,37,45,1,2,9367181
2017-01-19,Jue,1,6,23,32,39,48,46,4,759783
2017-01-14,Sab,2,3,6,10,25,43,42,7,846274
2017-01-12,Jue,6,10,32,34,36,48,15,5,7845422
2017-01-07,Sab,12,28,32,33,36,49,23,5,9822114
2017-01-05,Jue,3,9,12,23,27,49,36,3,1956271
2016-12-31,Sab,2,3,14,29,36,40,46,2,4581722
2016-12-29,Jue,7,19,28,33,38,45,10,1,7080888
2016-12-24,Sab,26,29,31,34,36,40,49,9,2094996
2016-12-22,Jue,17,28,31,39,47,49,4,9,8846306
2016-12-17,Sab,11,18,31,34,35,45,32,4,4981133
2016-12-15,Jue,16,17,21,26,31,38,3,3,2508805
2016-12-10,Sab,9,15,25,37,47,49,40,6,5441519
2016-12-08,Jue,7,12,13,21,44,46,1,4,6802617
2016-12-03,Sab,3,5,8,13,21,43,46,8,3025830
2016-12-01,Jue,22,30,33,40,42,45,31,7,4343931
2016-11-26,Sab,3,14,15,19,20,28,47,4,4185724
2016-11-24,Jue,1,6,10,14,34,46,24,4,1267822
2016-11-19,Sab,6,14,15,39,46,48,41,0,4822481
2016-11-17,Jue,2,9,16,21,30,31,34,1,5449460
2016-11-12,Sab,5,22,26,33,47,48,4,0,8069844
2016-11-10,Jue,2,8,15,22,28,48,29,6,6140988
2016-11-05,Sab,4,7,14,30,46,49,29,8,838495
2016-11-03,Jue,12,21,29,30,44,46,45,2,456987
2016-10-29,Sab,4,14,16,26,38,47,22,8,8097279
2016-10-27,Jue,2,4,22,23,32,35,21,8,9144674
2016-10-22,Sab,12,13,15,31,32,43,6,8,4586698
2016-10-20,Jue,5,7,15,18,20,21,17,8,7722013
2016-10-15,Sab,1,22,27,42,43,49,8,2,3751755
2016-10-13,Jue,1,5,18,21,32,36,45,8,6924653
2016-10-08,Sab,4,9,20,29,41,49,24,2,7293360
2016-10-06,Jue,3,19,23,26,30,41,13,4,2471761
2016-10-01,Sab,2,7,16,20,35,42,10,6,8834554
2016-09-29,Jue,8,14,28,39,40,42,49,2,6199432
2016-09-24,Sab,4,9,21,42,45,48,27,8,5198014
2016-09-22,Jue,9,15,18,42,43,49,41,6,6654706
2016-09-17,Sab,8,14,20,22,28,32,45,2,9904753
2016-09-15,Jue,7,14,24,34,35,40,25,3,4704571
2016-09-10,Sab,24,28,34,38,39,44,6,2,8129821
2016-09-08,Jue,4,5,7,29,42,46,43,7,402754
2016-09-03,Sab,4,14,30,31,34,44,20,5,7043521
2016-09-01,Jue,17,19,21,31,35,48,4,7,6763781
2016-08-27,Sab,6,9,14,32,36,45,10,4,6859710
2016-08-25,Jue,7,10,16,26,35,40,49,8,5829895
2016-08-20,Sab,2,11,17,26,34,40,22,0,3184528
2016-08-18,Jue,9,14,22,33,37,39,46,3,3475935
2016-08-13,Sab,10,13,24,33,40,45,32,3,2298830
2016-08-11,Jue,11,13,20,31,34,40,24,8,4734288
2016-08-06,Sab,12,17,30,39,43,47,32,2,8729560
2016-08-04,Jue,5,8,12,14,21,28,27,6,771212
2016-07-30,Sab,11,24,28,30,32,34,25,5,7265676
2016-07-28,Jue,2,6,10,20,38,40,45,3,7460048
2016-07-23,Sab,6,11,12,25,36,46,20,2,184055
2016-07-21,Jue,4,5,22,36,42,47,6,4,8725195
2016-07-16,Sab,12,16,28,32,43,45,19,2,3717849
2016-07-14,Jue,3,10,17,26,36,41,11,8,528363
2016-07-09,Sab,4,5,37,40,41,45,13,6,5762882
2016-07-07,Jue,7,15,20,23,29,34,4,8,9726922
2016-07-02,Sab,4,14,15,16,18,40,30,7,9059705
2016-06-30,Jue,1,6,30,31,41,43,33,3,7201703
2016-06-25,Sab,6,19,21,22,34,37,16,3,6123569
2016-06-23,Jue,9,16,20,21,33,41,26,7,4855906
2016-06-18,Sab,2,10,14,16,27,44,24,8,8959253
2016-06-16,Jue,8,9,15,19,21,49,44,5,1984350
2016-06-11,Sab,17,26,36,37,38,46,20,3,9871966
2016-06-09,Jue,2,9,10,14,25,41,3,4,794280
2016-06-04,Sab,1,11,14,16,20,41,10,1,4497776
2016-06-02,Jue,27,35,38,45,46,47,23,6,3402623
2016-05-28,Sab,20,28,30,36,41,46,2,1,1029775
2016-05-26,Jue,3,11,13,23,32,47,19,0,6994337
2016-05-21,Sab,7,10,13,15,35,38,39,4,3914317
2016-05-19,Jue,1,30,40,43,45,48,2,3,8873068
2016-05-14,Sab,5,10,12,22,34,35,18,9,8332551
2016-05-12,Jue,18,22,23,25,42,44,7,2,4826009
2016-05-07,Sab,4,5,16,18,21,36,23,9,5550312
2016-05-05,Jue,8,26,42,46,48,49,40,8,7104620
2016-04-30,Sab,4,13,31,41,43,48,34,7,1441395
2016-04-28,Jue,3,10,33,35,43,44,20,2,3113753
2016-04-23,Sab,5,6,8,26,39,40,2,3,9102554
2016-04-21,Jue,1,2,6,25,31,44,49,6,128140
2016-04-16,Sab,2,3,12,16,32,40,23,9,483213
2016-04-14,Jue,2,11,27,29,31,48,4,2,4049112
2016-04-09,Sab,1,17,25,29,30,40,2,0,9626669
2016-04-07,Jue,1,11,22,28,38,44,40,9,9503753
2016-04-02,Sab,6,7,15,27,32,40,43,3,7720259
2016-03-31,Jue,1,8,10,12,26,27,6,5,5192374
2016-03-26,Sab,19,21,28,32,43,48,9,4,9025340
2016-03-24,Jue,1,12,13,23,40,43,48,2,6394742
2016-03-19,Sab,1,12,21,35,44,45,17,6,4865512
2016-03-17,Jue,8,11,12,18,36,44,43,0,6499794
2016-03-12,Sab,12,17,23,27,37,40,29,2,5698939
2016-03-10,Jue,3,8,24,31,32,49,15,6,7770194
2016-03-05,Sab,6,7,11,28,38,45,33,6,6034570
2016-03-03,Jue,2,13,14,29,43,45,46,1,821514
2016-02-27,Sab,5,11,20,32,35,43,26,6,2651869
2016-02-25,Jue,11,13,17,26,34,48,19,3,9377893
2016-02-20,Sab,3,11,17,41,45,47,10,6,7156900
2016-02-18,Jue,3,10,28,35,47,49,8,1,8312304
2016-02-13,Sab,27,30,34,43,46,49,14,1,4350884
2016-02-11,Jue,2,12,18,34,37,46,30,7,6886082
2016-02-06,Sab,6,11,20,26,38,46,21,6,2215524
2016-02-04,Jue,3,5,22,33,39,40,32,8,3306339
2016-01-30,Sab,2,6,11,33,37,46,49,8,6464480
2016-01-28,Jue,6,23,30,33,37,44,10,2,2514612
2016-01-23,Sab,6,10,24,27,32,45,18,2,2778789
2016-01-21,Jue,4,15,17,19,24,37,21,5,2002991
2016-01-16,Sab,12,17,19,27,32,48,26,6,2961285
2016-01-14,Jue,4,11,19,40,46,49,45,9,5042697
2016-01-09,Sab,4,10,12,14,17,47,9,0,2735517
2016-01-07,Jue,15,24,31,38,41,46,32,9,4938159
2016-01-02,Sab,5,6,8,10,29,37,35,9,1522099
2015-12-31,Jue,5,30,33,37,41,42,24,0,2191530
2015-12-26,Sab,12,15,20,41,43,47,3,7,8417949
2015-12-24,Jue,3,18,26,37,39,42,19,0,6190834
2015-12-19,Sab,7,8,15,16,34,35,42,0,1156606
2015-12-17,Jue,11,28,34,38,46,49,16,2,8289391
2015-12-12,Sab,10,22,30,36,45,47,32,2,1535926
2015-12-10,Jue,21,22,32,33,38,42,17,7,9194487
2015-12-05,Sab,2,11,13,14,28,46,21,5,9262689
2015-12-03,Jue,12,20,23,24,44,48,1,8,4001956
2015-11-28,Sab,6,20,22,30,46,47,42,3,917729
2015-11-26,Jue,1,13,18,19,39,45,16,3,2670798
2015-11-21,Sab,2,6,29,38,40,46,19,8,9428471
2015-11-19,Jue,11,15,25,40,47,48,6,5,9197742
2015-11-14,Sab,13,14,15,32,40,49,8,5,4841842
2015-11-12,Jue,10,23,25,31,40,46,24,7,193918
2015-11-07,Sab,3,4,20,24,29,49,5,7,440304
2015-11-05,Jue,1,6,25,35,36,41,20,3,4623007
2015-10-31,Sab,13,16,24,30,38,48,15,4,2982227
2015-10-29,Jue,25,27,33,36,41,45,17,2,6153644
2015-10-24,Sab,1,15,20,33,46,47,40,9,9337872
2015-10-22,Jue,2,3,8,21,27,41,15,3,5517339
2015-10-17,Sab,1,2,11,21,22,44,15,4,215261
2015-10-15,Jue,1,7,21,27,38,46,41,6,5749320
2015-10-10,Sab,7,11,22,23,26,30,4,0,9383987
2015-10-08,Jue,12,14,21,30,37,40,39,3,1547049
2015-10-03,Sab,1,19,21,28,45,48,17,0,1527645
2015-10-01,Jue,11,17,30,39,45,49,33,1,8149053
2015-09-26,Sab,18,19,26,35,46,49,11,4,8588263
2015-09-24,Jue,5,11,19,27,34,46,47,6,2596802
2015-09-19,Sab,2,3,12,16,29,37,36,1,6668765
2015-09-17,Jue,16,17,23,24,39,42,37,4,4628103
2015-09-12,Sab,9,14,19,43,44,48,3,0,2007407
2015-09-10,Jue,11,19,22,26,28,30,17,1,5507637
2015-09-05,Sab,5,17,21,23,42,46,29,9,1218683
2015-09-03,Jue,3,7,15,37,38,46,42,7,8686764
2015-08-29,Sab,1,6,41,47,48,49,45,8,4193665
2015-08-27,Jue,8,13,24,32,39,42,18,8,9402717
2015-08-22,Sab,1,16,25,28,33,38,27,9,6259465
2015-08-20,Jue,3,10,12,23,35,39,43,2,2972819
2015-08-15,Sab,12,19,24,39,40,42,44,9,1937732
2015-08-13,Jue,11,19,25,26,29,30,3,5,7117365
2015-08-08,Sab,3,9,13,15,25,28,21,0,9695659
2015-08-06,Jue,10,14,17,33,39,46,3,5,1848816
2015-08-01,Sab,1,9,16,20,28,31,25,7,9671257
2015-07-30,Jue,4,8,13,19,32,46,43,7,6942790
2015-07-25,Sab,4,6,12,16,25,43,18,0,4634984
2015-07-23,Jue,12,20,28,36,39,45,31,4,6504899
2015-07-18,Sab,1,24,30,41,45,46,20,4,7668936
2015-07-16,Jue,2,3,4,7,21,38,24,4,3139711
2015-07-11,Sab,12,20,22,23,30,44,11,6,6353110
2015-07-09,Jue,6,7,14,15,25,43,12,8,6307291
2015-07-04,Sab,18,19,28,45,46,49,35,4,6103359
2015-07-02,Jue,18,21,32,36,45,46,25,4,689866
2015-06-27,Sab,1,8,10,16,26,32,15,2,7760912
2015-06-25,Jue,1,2,7,8,11,42,32,5,9663395
2015-06-20,Sab,9,17,21,31,34,41,39,3,4957111
2015-06-18,Jue,11,14,19,24,39,43,42,2,2729163
2015-06-13,Sab,24,37,40,41,43,46,47,3,5981260
2015-06-11,Jue,11,15,21,25,38,44,2,2,5014887
2015-06-06,Sab,3,28,30,31,36,41,49,7,51444
2015-06-04,Jue,3,10,13,30,33,47,27,7,7104710
2015-05-30,Sab,17,20,27,29,35,40,36,5,7544806
2015-05-28,Jue,16,36,41,47,48,49,31,4,6711073
2015-05-23,Sab,2,4,6,31,39,42,33,7,333809
2015-05-21,Jue,8,9,18,30,33,49,7,4,9714795
2015-05-16,Sab,2,18,20,35,43,44,15,2,1079094
2015-05-14,Jue,3,8,12,22,29,49,13,7,7763910
2015-05-09,Sab,6,20,30,36,41,49,4,2,2288532
2015-05-07,Jue,9,11,14,35,45,47,27,3,8772968
2015-05-02,Sab,7,13,36,39,48,49,25,4,4961722
2015-04-30,Jue,1,8,10,32,38,40,12,7,7324784
2015-04-25,Sab,3,29,33,43,47,48,38,5,9035827
2015-04-23,Jue,2,14,16,23,31,49,21,9,3683704
2015-04-18,Sab,4,6,17,18,36,38,15,5,1544745
2015-04-16,Jue,7,31,32,37,38,47,20,3,8659348
2015-04-11,Sab,9,23,24,28,35,41,8,3,5853263
2015-04-09,Jue,4,8,13,16,39,46,35,6,9338336
2015-04-04,Sab,11,15,16,21,27,33,24,9,942949
2015-04-02,Jue,5,14,18,30,46,48,1,8,5982201
2015-03-28,Sab,1,2,7,17,38,49,22,5,4954630
2015-03-26,Jue,11,23,35,38,46,49,2,0,4665171
2015-03-21,Sab,4,5,11,23,40,44,19,3,5318821
2015-03-19,Jue,1,11,15,23,27,30,46,5,6002727
2015-03-14,Sab,8,9,32,34,39,47,35,7,2856114
2015-03-12,Jue,18,19,30,34,43,45,10,0,7216560
2015-03-07,Sab,1,8,9,20,43,45,36,9,4338038
2015-03-05,Jue,2,5,21,24,28,44,30,3,1623731
2015-02-28,Sab,7,8,22,23,30,48,39,4,939026
2015-02-26,Jue,5,18,20,22,30,37,42,7,8500324
2015-02-21,Sab,9,12,14,24,37,40,7,9,5963911
2015-02-19,Jue,11,13,20,24,35,38,46,2,6622493
2015-02-14,Sab,1,4,12,33,44,47,27,8,2698862
2015-02-12,Jue,13,29,35,37,41,49,21,1,9702022
2015-02-07,Sab,12,21,28,30,38,42,47,3,1687038
2015-02-05,Jue,4,7,32,34,46,49,6,2,7773434
2015-01-31,Sab,8,13,23,38,42,48,31,2,354302
2015-01-29,Jue,6,11,12,25,31,43,28,1,5680355
2015-01-24,Sab,7,14,16,36,37,47,29,1,2073474
2015-01-22,Jue,14,18,20,25,38,44,34,8,4895057
2015-01-17,Sab,13,20,22,29,30,48,4,8,8067570
2015-01-15,Jue,4,12,13,24,35,43,44,6,3277836
2015-01-10,Sab,18,27,37,41,42,49,20,2,8720461
2015-01-08,Jue,2,3,10,38,40,43,42,5,2457860
2015-01-03,Sab,1,21,22,25,28,30,6,1,3130187
2015-01-01,Jue,11,16,23,32,34,49,45,4,9354422
2014-12-27,Sab,1,10,21,23,33,47,18,8,1950714
2014-12-25,Jue,6,30,32,37,39,44,31,4,5788097
2014-12-20,Sab,12,20,22,26,34,40,16,2,9357583
2014-12-18,Jue,8,18,31,36,41,43,10,8,1504423
2014-12-13,Sab,1,25,27,36,39,42,14,5,9950099
2014-12-11,Jue,2,16,36,38,44,49,8,8,8890442
2014-12-06,Sab,3,10,11,15,21,37,41,1,3391501
2014-12-04,Jue,9,18,22,23,34,35,25,2,1685047
2014-11-29,Sab,2,8,25,29,32,37,21,2,715792
2014-11-27,Jue,2,8,22,33,37,42,13,5,459642
2014-11-22,Sab,8,9,10,25,26,31,45,3,9078343
2014-11-20,Jue,9,28,31,36,43,46,21,6,1866584
2014-11-15,Sab,2,11,30,42,48,49,25,2,6008326
2014-11-13,Jue,2,3,31,32,34,39,42,9,1578429
2014-11-08,Sab,4,17,32,33,35,37,29,2,2351128
2014-11-06,Jue,3,5,18,22,25,30,33,4,2633630
2014-11-01,Sab,20,26,33,38,40,48,14,3,9861321
2014-10-30,Jue,10,22,28,34,39,41,11,1,5396736
2014-10-25,Sab,8,15,23,35,36,37,44,6,6299398
2014-10-23,Jue,4,15,22,30,32,41,19,6,4015934
2014-10-18,Sab,25,26,28,30,31,40,11,1,5914151
2014-10-16,Jue,15,24,29,31,36,41,45,8,6447578
2014-10-11,Sab,5,8,30,34,39,41,1,0,8901543
2014-10-09,Jue,4,7,14,38,39,42,36,0,500506
2014-10-04,Sab,10,11,24,28,30,39,6,0,936508
2014-10-02,Jue,17,24,29,31,33,43,27,7,747889
2014-09-27,Sab,1,10,13,14,18,24,4,0,4186201
2014-09-25,Jue,8,12,18,37,47,49,6,8,3742422
2014-09-20,Sab,8,14,24,28,33,49,25,8,8971887
2014-09-18,Jue,5,17,24,26,30,44,7,3,8041855
2014-09-13,Sab,3,12,13,18,38,44,34,2,9509483
2014-09-11,Jue,2,5,7,9,20,24,46,7,48988
2014-09-06,Sab,2,12,22,31,33,44,36,9,1560820
2014-09-04,Jue,17,23,29,30,31,37,41,2,7369313
2014-08-30,Sab,9,12,19,24,32,40,4,3,462960
2014-08-28,Jue,23,27,30,37,39,46,6,8,7170688
2014-08-23,Sab,3,18,27,28,32,45,23,0,30770
2014-08-21,Jue,2,6,8,21,26,43,18,5,5999121
2014-08-16,Sab,7,19,38,41,43,46,25,3,1488778
2014-08-14,Jue,16,19,25,26,33,46,49,7,4798432
2014-08-09,Sab,2,4,8,22,24,39,37,1,5630429
2014-08-07,Jue,16,20,28,36,40,44,12,9,7976156
2014-08-02,Sab,2,32,37,44,45,49,14,6,5577635
2014-07-31,Jue,2,18,40,42,43,46,45,8,415033
2014-07-26,Sab,2,6,9,16,17,45,23,9,5493586
2014-07-24,Jue,10,21,26,33,34,47,36,4,7976842
2014-07-19,Sab,3,12,21,37,42,47,38,3,1227630
2014-07-17,Jue,4,18,23,26,28,37,21,1,4860139
2014-07-12,Sab,9,11,12,20,27,43,34,6,29189
2014-07-10,Jue,11,17,18,29,38,40,24,1,507227
2014-07-05,Sab,3,6,14,41,43,45,10,1,4220420
2014-07-03,Jue,1,6,7,15,35,39,44,0,7627657
2014-06-28,Sab,15,18,30,39,45,46,41,9,1139778
2014-06-26,Jue,5,14,17,41,42,49,2,4,7523669
2014-06-21,Sab,3,6,35,36,39,49,24,8,2061603
2014-06-19,Jue,2,8,9,12,44,47,36,9,6580228
2014-06-14,Sab,5,6,19,40,41,43,26,0,8419479
2014-06-12,Jue,24,30,31,32,43,47,7,9,7985359
2014-06-07,Sab,13,17,19,20,22,29,25,1,4832487
2014-06-05,Jue,10,15,16,19,20,48,28,7,3282114
2014-05-31,Sab,4,12,14,30,42,43,36,5,4061898
2014-05-29,Jue,3,5,12,34,46,49,27,3,2749430
2014-05-24,Sab,21,33,36,38,45,47,8,4,9481909
2014-05-22,Jue,7,13,22,26,36,49,15,7,5847986
2014-05-17,Sab,3,7,33,37,47,49,6,1,4848318
2014-05-15,Jue,3,14,18,23,28,45,37,0,349096
2014-05-10,Sab,5,15,17,23,33,37,16,6,4513006
2014-05-08,Jue,11,14,22,26,38,44,42,0,5492900
2014-05-03,Sab,4,5,14,16,45,49,37,1,8117455
2014-05-01,Jue,9,23,27,33,38,44,37,9,7957751
2014-04-26,Sab,1,2,9,18,38,48,6,0,4919783
2014-04-24,Jue,3,12,19,26,42,48,22,7,581318
2014-04-19,Sab,11,17,27,29,40,45,44,6,6016197
2014-04-17,Jue,9,11,14,23,28,47,15,6,7636026
2014-04-12,Sab,4,13,19,22,24,27,1,5,8800731
2014-04-10,Jue,5,6,12,17,24,32,18,4,3904359
2014-04-05,Sab,9,13,30,36,37,45,16,6,2181348
2014-04-03,Jue,13,15,18,22,41,48,6,8,8296268
2014-03-29,Sab,6,14,30,41,43,49,36,6,7723370
2014-03-27,Jue,5,11,22,29,32,37,8,4,4469569
2014-03-22,Sab,7,12,18,27,32,34,25,6,1830129
2014-03-20,Jue,4,7,12,14,15,49,32,6,9335227
2014-03-15,Sab,5,13,14,19,20,37,44,1,1796418
2014-03-13,Jue,3,12,22,23,25,43,9,1,5322772
2014-03-08,Sab,11,20,23,28,31,43,27,7,5584675
2014-03-06,Jue,2,12,27,33,38,41,1,5,2563761
2014-03-01,Sab,2,17,19,20,21,26,41,7,5794643
2014-02-27,Jue,10,29,31,36,38,46,8,8,9819006
2014-02-22,Sab,4,15,25,30,39,44,31,8,8080315
2014-02-20,Jue,1,4,17,27,34,49,13,6,1189859
2014-02-15,Sab,17,31,35,36,48,49,21,5,7396940
2014-02-13,Jue,1,15,18,34,45,46,20,7,6363157
2014-02-08,Sab,4,7,22,29,30,40,33,8,7153151
2014-02-06,Jue,4,23,32,36,37,46,3,7,4340692
2014-02-01,Sab,9,13,27,28,31,34,11,2,8771941
2014-01-30,Jue,2,3,18,33,36,41,4,8,7593955
2014-01-25,Sab,3,6,7,21,34,49,35,1,1377829
2014-01-23,Jue,5,24,34,45,47,49,14,0,8167046
2014-01-18,Sab,1,3,24,27,36,46,12,5,7778821
2014-01-16,Jue,7,9,12,13,29,48,46,5,3302634
2014-01-11,Sab,9,16,27,35,43,46,34,9,219556
2014-01-09,Jue,13,15,30,32,41,45,43,8,5079798
2014-01-04,Sab,11,13,16,18,43,45,49,9,8847145
2014-01-02,Jue,21,33,35,37,41,42,38,1,7160935
2013-12-28,Sab,1,19,33,38,43,47,3,3,4499533
2013-12-26,Jue,12,25,31,32,36,49,28,3,5981396
2013-12-21,Sab,4,9,37,38,40,43,44,2,7449573
2013-12-19,Jue,16,23,33,38,47,49,46,6,706565
2013-12-14,Sab,12,16,23,27,28,41,31,7,5897208
2013-12-12,Jue,13,24,28,30,43,44,23,1,8796672
2013-12-07,Sab,12,15,16,19,20,39,30,0,2721920
2013-12-05,Jue,1,2,4,5,26,36,24,1,6387357
2013-11-30,Sab,17,20,28,34,35,45,26,9,1828571
2013-11-28,Jue,12,15,28,37,42,49,47,8,7900214
2013-11-23,Sab,7,12,15,23,39,46,49,7,8798973
2013-11-21,Jue,7,9,34,43,44,47,27,5,6038118
2013-11-16,Sab,1,10,31,32,34,45,41,1,6480119
2013-11-14,Jue,2,9,20,39,42,48,3,6,904655
2013-11-09,Sab,2,11,27,32,35,40,4,6,5674003
2013-11-07,Jue,28,30,32,33,37,42,39,5,1302883
2013-11-02,Sab,5,7,26,32,44,45,35,1,6654328
2013-10-31,Jue,7,33,35,36,39,40,14,4,7770097
2013-10-26,Sab,8,9,12,20,34,41,25,8,2857638
2013-10-24,Jue,10,22,34,37,38,47,18,9,5694998
2013-10-19,Sab,20,22,29,32,45,48,37,8,8000423
2013-10-17,Jue,2,11,14,21,30,48,26,0,6165688
2013-10-12,Sab,7,13,19,30,33,41,10,5,2687199
2013-10-10,Jue,5,6,40,45,46,48,19,1,2459821
2013-10-05,Sab,6,7,12,23,37,49,40,4,730017
2013-10-03,Jue,8,17,20,29,35,37,9,8,8690822
2013-09-28,Sab,4,28,29,33,42,47,10,9,2690120
2013-09-26,Jue,20,23,28,29,36,37,26,6,8847438
2013-09-21,Sab,6,10,21,24,33,36,32,2,407178
2013-09-19,Jue,14,15,30,34,37,48,45,1,5250954
2013-09-14,Sab,11,17,19,34,35,41,18,9,7222894
2013-09-12,Jue,10,24,27,38,45,48,34,8,6205640
2013-09-07,Sab,1,8,14,25,30,36,24,0,5284712
2013-09-05,Jue,7,10,37,45,47,49,38,4,7721736
2013-08-31,Sab,7,30,31,34,35,46,24,5,5801375
2013-08-29,Jue,6,12,33,35,38,45,24,1,7912657
2013-08-24,Sab,3,7,9,11,15,18,49,7,8560361
2013-08-22,Jue,1,3,8,9,29,36,31,2,2159471
2013-08-17,Sab,13,15,20,25,28,49,40,4,7204123
2013-08-15,Jue,1,17,32,37,43,45,34,9,1812269
2013-08-10,Sab,4,12,21,29,35,38,30,0,79942
2013-08-08,Jue,8,16,22,23,32,48,18,6,3362034
2013-08-03,Sab,1,2,3,7,14,20,18,9,1329304
2013-08-01,Jue,10,21,26,33,40,45,15,6,3349689
2013-07-27,Sab,6,7,23,26,31,49,34,9,5965984
2013-07-25,Jue,8,10,11,23,28,38,44,1,5868276
2013-07-20,Sab,4,22,26,27,31,33,3,9,4162205
2013-07-18,Jue,20,34,35,36,40,45,46,8,2417922
2013-07-13,Sab,1,2,4,17,23,31,27,5,2405213
2013-07-11,Jue,5,26,29,36,38,45,23,0,4284570
2013-07-06,Sab,8,10,14,27,35,36,18,8,881636
2013-07-04,Jue,4,12,14,16,39,41,42,3,7173101
2013-06-29,Sab,4,9,17,23,34,38,43,0,6107873
2013-06-27,Jue,3,4,19,20,21,36,29,8,2196215
2013-06-22,Sab,1,13,28,30,35,39,15,4,2031172
2013-06-20,Jue,14,18,35,37,46,47,30,9,8636166
2013-06-15,Sab,1,10,30,35,39,44,19,2,4125500
2013-06-13,Jue,11,16,27,41,45,49,1,1,2015146
2013-06-08,Sab,10,17,26,38,39,47,20,3,6164842
2013-06-06,Jue,6,21,30,31,36,39,16,4,5289812
2013-06-01,Sab,6,7,12,18,26,42,37,6,9896086
2013-05-30,Jue,3,10,13,34,38,39,29,6,627337
2013-05-25,Sab,9,24,30,37,42,49,18,9,9666765
2013-05-23,Jue,3,14,31,36,38,44,2,8,4008441
2013-05-18,Sab,9,16,17,34,44,45,37,2,2418163
2013-05-16,Jue,12,18,24,28,38,48,32,3,4352084
2013-05-11,Sab,9,14,21,25,26,42,29,0,316268
2013-05-09,Jue,12,15,16,44,45,46,7,5,3512645
2013-05-04,Sab,2,10,12,21,37,40,36,0,4104746
2013-05-02,Jue,8,16,21,32,40,42,35,0,1309994
2013-04-27,Sab,1,6,10,16,23,36,15,8,2610570
2013-04-25,Jue,4,5,21,32,35,47,15,9,5372164
2013-04-20,Sab,4,10,17,22,35,48,38,6,3985112
2013-04-18,Jue,6,22,29,32,38,40,47,1,2419322
2013-04-13,Sab,9,12,14,16,38,46,32,0,2587786
2013-04-11,Jue,4,6,21,26,33,40,11,5,1450350
2013-04-06,Sab,1,16,20,30,38,43,28,9,3553532
2013-04-04,Jue,1,3,9,11,29,31,14,0,8339711
2013-03-30,Sab,1,9,13,24,29,39,25,5,5377519
2013-03-28,Jue,13,15,18,33,39,45,26,0,66859
2013-03-23,Sab,16,17,31,32,41,42,33,8,2151133
2013-03-21,Jue,7,13,15,27,37,44,6,4,9928647
2013-03-16,Sab,1,7,12,13,15,17,31,1,4729973
2013-03-14,Jue,10,15,24,30,39,45,17,0,6155362
2013-03-09,Sab,5,8,22,24,28,44,40,3,5326191
2013-03-07,Jue,23,25,29,36,37,48,19,9,5841199
2013-03-02,Sab,4,6,7,12,18,39,32,4,6066997
2013-02-28,Jue,14,22,23,26,27,29,28,7,4355764
2013-02-23,Sab,6,16,38,44,45,46,28,8,3086788
2013-02-21,Jue,13,14,17,36,38,41,15,3,4097178
2013-02-16,Sab,4,15,16,22,30,41,29,5,2719745
2013-02-14,Jue,1,2,22,34,35,39,46,5,4191101
2013-02-09,Sab,1,3,15,24,43,44,23,9,54419
2013-02-07,Jue,2,6,12,24,44,47,48,1,8602805
2013-02-02,Sab,7,8,31,33,34,47,6,4,679150
2013-01-31,Jue,3,9,13,24,32,49,27,1,6787250
2013-01-26,Sab,10,22,32,35,36,47,18,3,7645987
2013-01-24,Jue,1,16,24,29,31,43,6,8,4095280
2013-01-19,Sab,5,8,25,34,37,44,1,6,6022889
2013-01-17,Jue,1,23,30,41,43,49,10,8,2869685
2013-01-12,Sab,2,3,19,20,29,37,1,4,4224561
2013-01-10,Jue,29,32,34,42,44,46,26,2,7389430
2013-01-05,Sab,1,4,9,11,38,48,26,6,3657952
2013-01-03,Jue,3,15,23,26,34,38,16,7,4357350
